4_23_37,P0N#1
1_20_68,P0N#1
2_38_192,P0N#1
3_1_1,P0N#1
1_9_44,P0N#1
4_14_29,P0N#1
1_21_101,P0N#1
4_6_153,P0N#1
4_30_76,P0N#1
1_1_13,P0N#1
4_28_43,P0N#1
3_35_35,P0N#1
4_44_37,P0N#1
2_3_1,P0N#1
2_48_122,P0N#1
1_25_172,P0N#1
3_32_0,P0N#1
2_41_129,P0N#1
3_31_196,P0N#1
4_24_136,P0N#1
4_9_23,P0N#1
2_31_136,P0N#1
1_36_181,P0N#1
4_41_99,P0N#1
2_8_126,P0N#1
3_5_34,P0N#1
2_36_46,P0N#1
1_12_110,P0N#1
3_13_183,P0N#1
1_27_35,P0N#1
1_38_49,P0N#1
3_24_153,P0N#1
2_32_1,P0N#1
2_4_145,P0N#1
2_18_107,P0N#1
2_3_76,P0N#1
3_48_11,P0N#1
1_13_149,P0N#1
4_47_49,P0N#1
4_18_8,P0N#1
4_17_196,P0N#1
1_22_176,P0N#1
4_38_181,P0N#1
3_44_2,P0N#1
4_33_28,P0N#1
3_44_79,P0N#1
1_34_127,P0N#1
1_49_87,P0N#1
3_37_163,P0N#1
3_26_144,P0N#1
2_9_149,P0N#1
3_20_179,P0N#1
2_44_170,P0N#1
3_19_188,P0N#1
3_28_8,P0N#1
4_21_21,P0N#1
4_20_99,P0N#1
4_2_19,P0N#1
4_38_81,P0N#1
1_25_149,P0N#1
3_8_74,P0N#1
4_29_49,P0N#1
4_13_64,P0N#1
1_18_154,P0N#1
3_39_136,P0N#1
2_50_177,P0N#1
1_5_164,P0N#1
1_3_97,P0N#1
4_32_160,P0N#1
2_45_28,P0N#1
1_27_161,P0N#1
3_46_40,P0N#1
2_26_87,P0N#1
1_1_16,P0N#1
4_7_136,P0N#1
4_31_132,P0N#1
3_15_165,P0N#1
1_9_135,P0N#1
4_22_133,P0N#1
1_42_135,P0N#1
3_48_138,P0N#1
2_3_150,P0N#1
4_30_62,P0N#1
2_16_12,P0N#1
1_49_39,P0N#1
4_23_7,P0N#1
4_3_25,P0N#1
1_14_27,P0N#1
4_37_16,P0N#1
3_41_120,P0N#1
1_27_157,P0N#1
1_13_39,P0N#1
4_23_157,P0N#1
1_25_143,P0N#1
4_15_46,P0N#1
4_47_154,P0N#1
4_7_110,P0N#1
4_27_89,P0N#1
2_30_170,P0N#1
3_19_76,P0N#1
2_46_155,P0N#1
4_37_124,P0N#1
4_44_196,P0N#1
4_22_82,P0N#1
3_43_173,P0N#1
4_13_147,P0N#1
1_22_16,P0N#1
2_33_32,P0N#1
4_16_184,P0N#1
3_32_119,P0N#1
1_27_167,P0N#1
2_4_49,P0N#1
3_45_155,P0N#1
2_20_116,P0N#1
4_26_55,P0N#1
3_49_137,P0N#1
2_8_1,P0N#1
3_22_34,P0N#1
3_28_178,P0N#1
2_4_71,P0N#1
1_39_79,P0N#1
4_40_138,P0N#1
4_1_121,P0N#1
2_1_20,P0N#1
4_47_77,P0N#1
2_4_72,P0N#1
1_18_128,P0N#1
3_42_63,P0N#1
3_42_146,P0N#1
4_11_124,P0N#1
3_34_31,P0N#1
4_8_21,P0N#1
4_42_97,P0N#1
4_10_33,P0N#1
1_14_84,P0N#1
4_22_170,P0N#1
1_26_107,P0N#1
3_49_59,P0N#1
4_38_98,P0N#1
1_20_4,P0N#1
2_44_173,P0N#1
1_42_139,P0N#1
4_17_146,P0N#1
4_4_71,P0N#1
2_30_173,P0N#1
3_13_148,P0N#1
3_18_120,P0N#1
3_15_61,P0N#1
1_10_12,P0N#1
2_16_101,P0N#1
2_40_147,P0N#1
2_2_53,P0N#1
3_18_12,P0N#1
3_50_47,P0N#1
2_40_136,P0N#1
3_26_156,P0N#1
2_21_55,P0N#1
1_14_75,P0N#1
3_42_77,P0N#1
3_38_118,P0N#1
4_46_90,P0N#1
2_48_168,P0N#1
4_30_128,P0N#1
3_6_128,P0N#1
2_36_98,P0N#1
2_49_148,P0N#1
3_35_142,P0N#1
4_15_143,P0N#1
2_45_85,P0N#1
1_26_177,P0N#1
3_16_86,P0N#1
1_22_99,P0N#1
3_11_5,P0N#1
3_49_91,P0N#1
2_7_73,P0N#1
2_17_2,P0N#1
3_25_110,P0N#1
4_41_6,P0N#1
2_33_65,P0N#1
1_50_8,P0N#1
1_35_72,P0N#1
4_35_20,P0N#1
1_35_8,P0N#1
4_27_162,P0N#1
4_3_119,P0N#1
1_41_191,P0N#1
4_42_177,P0N#1
2_7_83,P0N#1
2_35_92,P0N#1
2_45_163,P0N#1
1_27_131,P0N#1
3_41_28,P0N#1
3_12_25,P0N#1
3_5_145,P0N#1
4_35_97,P0N#1
3_27_72,P0N#1
3_3_189,P0N#1
1_45_168,P0N#1
3_27_186,P0N#1
2_44_31,P0N#1
3_8_67,P0N#1
1_38_194,P0N#1
1_19_106,P0N#1
2_35_196,P0N#1
2_22_159,P0N#1
1_13_45,P0N#1
3_15_106,P0N#1
2_23_106,P0N#1
1_42_154,P0N#1
2_35_182,P0N#1
1_12_21,P0N#1
3_20_69,P0N#1
3_16_17,P0N#1
1_9_33,P0N#1
3_20_43,P0N#1
1_15_69,P0N#1
1_4_4,P0N#1
1_1_32,P0N#1
4_19_76,P0N#1
2_25_32,P0N#1
4_40_57,P0N#1
1_43_182,P0N#1
2_28_191,P0N#1
2_35_146,P0N#1
2_10_122,P0N#1
1_13_121,P0N#1
4_41_157,P0N#1
3_44_54,P0N#1
2_6_193,P0N#1
3_39_198,P0N#1
3_29_145,P0N#1
2_48_63,P0N#1
2_1_168,P0N#1
4_2_96,P0N#1
2_2_19,P0N#1
4_17_155,P0N#1
2_26_180,P0N#1
1_22_91,P0N#1
2_21_100,P0N#1
2_34_66,P0N#1
4_18_16,P0N#1
1_34_196,P0N#1
3_18_44,P0N#1
1_25_37,P0N#1
3_49_166,P0N#1
3_23_15,P0N#1
2_43_53,P0N#1
1_47_169,P0N#1
2_34_39,P0N#1
2_19_73,P0N#1
1_27_183,P0N#1
3_47_59,P0N#1
1_50_1,P0N#1
3_2_170,P0N#1
4_47_79,P0N#1
1_27_74,P0N#1
1_49_130,P0N#1
1_26_195,P0N#1
2_39_168,P0N#1
3_26_198,P0N#1
1_40_101,P0N#1
3_37_151,P0N#1
2_34_146,P0N#1
3_22_46,P0N#1
3_15_116,P0N#1
2_23_75,P0N#1
3_44_174,P0N#1
4_27_100,P0N#1
2_16_129,P0N#1
4_10_183,P0N#1
2_3_153,P0N#1
4_36_25,P0N#1
4_2_17,P0N#1
1_13_75,P0N#1
3_17_74,P0N#1
2_7_76,P0N#1
1_49_77,P0N#1
1_6_80,P0N#1
4_36_142,P0N#1
4_38_32,P0N#1
2_4_139,P0N#1
3_6_28,P0N#1
4_16_157,P0N#1
1_2_39,P0N#1
3_44_126,P0N#1
4_27_9,P0N#1
1_36_147,P0N#1
3_13_55,P0N#1
2_45_108,P0N#1
1_18_84,P0N#1
2_41_59,P0N#1
2_27_180,P0N#1
4_28_193,P0N#1
4_15_28,P0N#1
3_1_154,P0N#1
3_29_56,P0N#1
1_37_28,P0N#1
4_10_184,P0N#1
4_49_65,P0N#1
1_14_183,P0N#1
1_48_39,P0N#1
3_25_136,P0N#1
4_26_129,P0N#1
1_15_137,P0N#1
3_3_75,P0N#1
2_13_35,P0N#1
3_33_83,P0N#1
2_46_127,P0N#1
3_39_86,P0N#1
4_33_84,P0N#1
1_22_27,P0N#1
1_39_88,P0N#1
3_22_191,P0N#1
2_31_73,P0N#1
2_11_162,P0N#1
3_26_177,P0N#1
1_19_92,P0N#1
4_16_135,P0N#1
2_14_110,P0N#1
2_30_61,P0N#1
2_6_161,P0N#1
2_48_103,P0N#1
4_30_195,P0N#1
2_34_53,P0N#1
1_31_64,P0N#1
2_18_2,P0N#1
4_16_134,P0N#1
3_50_179,P0N#1
2_47_129,P0N#1
1_23_176,P0N#1
4_38_5,P0N#1
3_39_168,P0N#1
3_10_131,P0N#1
1_6_77,P0N#1
3_25_96,P0N#1
4_30_143,P0N#1
3_3_2,P0N#1
1_32_123,P0N#1
2_49_65,P0N#1
1_29_0,P0N#1
2_13_83,P0N#1
4_8_122,P0N#1
3_24_185,P0N#1
1_27_25,P0N#1
1_2_119,P0N#1
4_40_20,P0N#1
2_22_13,P0N#1
3_31_59,P0N#1
2_1_148,P0N#1
1_18_191,P0N#1
4_30_153,P0N#1
3_34_87,P0N#1
1_47_124,P0N#1
4_42_135,P0N#1
4_24_7,P0N#1
1_29_31,P0N#1
2_22_34,P0N#1
3_33_107,P0N#1
1_50_144,P0N#1
1_43_153,P0N#1
1_40_171,P0N#1
1_22_61,P0N#1
2_23_169,P0N#1
2_36_120,P0N#1
1_38_175,P0N#1
1_30_23,P0N#1
1_12_64,P0N#1
2_48_100,P0N#1
4_37_9,P0N#1
2_46_103,P0N#1
2_1_129,P0N#1
2_7_11,P0N#1
3_46_18,P0N#1
2_21_130,P0N#1
3_8_87,P0N#1
3_21_123,P0N#1
1_4_7,P0N#1
1_7_144,P0N#1
1_12_199,P0N#1
1_40_44,P0N#1
3_21_197,P0N#1
1_1_126,P0N#1
1_47_60,P0N#1
3_7_15,P0N#1
1_32_35,P0N#1
1_42_123,P0N#1
4_4_99,P0N#1
2_40_73,P0N#1
1_25_190,P0N#1
2_40_52,P0N#1
4_25_157,P0N#1
4_26_191,P0N#1
1_28_31,P0N#1
4_5_147,P0N#1
1_7_158,P0N#1
1_40_37,P0N#1
4_23_143,P0N#1
3_5_193,P0N#1
1_24_127,P0N#1
4_1_140,P0N#1
1_18_151,P0N#1
3_20_102,P0N#1
2_36_86,P0N#1
3_14_143,P0N#1
2_12_51,P0N#1
1_10_62,P0N#1
1_30_163,P0N#1
1_31_95,P0N#1
3_50_80,P0N#1
2_23_3,P0N#1
3_2_134,P0N#1
3_37_36,P0N#1
1_33_117,P0N#1
2_49_24,P0N#1
2_7_186,P0N#1
1_2_166,P0N#1
2_38_141,P0N#1
1_42_20,P0N#1
2_34_117,P0N#1
1_47_93,P0N#1
2_6_142,P0N#1
1_45_55,P0N#1
2_36_31,P0N#1
4_47_165,P0N#1
1_22_72,P0N#1
1_28_60,P0N#1
2_33_169,P0N#1
1_6_140,P0N#1
2_33_182,P0N#1
3_3_151,P0N#1
1_49_163,P0N#1
4_34_192,P0N#1
1_14_160,P0N#1
3_3_145,P0N#1
4_14_46,P0N#1
4_46_162,P0N#1
3_29_168,P0N#1
3_50_63,P0N#1
1_32_30,P0N#1
3_37_165,P0N#1
1_30_31,P0N#1
4_15_166,P0N#1
1_35_194,P0N#1
2_1_64,P0N#1
3_34_151,P0N#1
1_45_76,P0N#1
2_7_92,P0N#1
2_35_140,P0N#1
1_26_22,P0N#1
4_9_168,P0N#1
2_28_117,P0N#1
3_29_150,P0N#1
4_19_53,P0N#1
2_30_178,P0N#1
2_46_6,P0N#1
1_33_159,P0N#1
3_42_13,P0N#1
2_32_13,P0N#1
3_43_7,P0N#1
1_3_124,P0N#1
2_35_79,P0N#1
4_14_35,P0N#1
3_16_65,P0N#1
3_39_157,P0N#1
1_30_150,P0N#1
4_12_49,P0N#1
4_11_95,P0N#1
4_7_129,P0N#1
4_32_151,P0N#1
2_26_141,P0N#1
2_29_110,P0N#1
2_36_24,P0N#1
2_24_95,P0N#1
3_24_103,P0N#1
3_50_29,P0N#1
3_33_157,P0N#1
2_49_93,P0N#1
1_1_177,P0N#1
4_42_190,P0N#1
2_11_192,P0N#1
1_27_17,P0N#1
2_14_193,P0N#1
1_21_135,P0N#1
2_12_116,P0N#1
4_39_97,P0N#1
1_27_150,P0N#1
1_35_114,P0N#1
1_23_5,P0N#1
4_39_48,P0N#1
2_33_188,P0N#1
1_50_3,P0N#1
2_20_106,P0N#1
4_24_180,P0N#1
4_37_172,P0N#1
4_33_174,P0N#1
3_15_114,P0N#1
3_28_137,P0N#1
2_34_137,P0N#1
2_21_191,P0N#1
3_30_74,P0N#1
1_30_21,P0N#1
3_44_101,P0N#1
4_25_121,P0N#1
2_25_30,P0N#1
1_4_108,P0N#1
2_27_181,P0N#1
1_2_194,P0N#1
3_48_73,P0N#1
3_25_144,P0N#1
3_14_187,P0N#1
3_13_123,P0N#1
3_38_69,P0N#1
1_20_40,P0N#1
3_37_24,P0N#1
3_12_63,P0N#1
2_23_131,P0N#1
2_34_153,P0N#1
1_14_167,P0N#1
4_39_13,P0N#1
3_18_1,P0N#1
3_17_195,P0N#1
1_6_195,P0N#1
1_20_130,P0N#1
4_35_196,P0N#1
3_48_60,P0N#1
1_46_94,P0N#1
4_50_168,P0N#1
4_1_102,P0N#1
3_28_6,P0N#1
4_1_52,P0N#1
4_7_91,P0N#1
2_23_155,P0N#1
1_16_53,P0N#1
4_39_61,P0N#1
1_41_198,P0N#1
4_17_71,P0N#1
4_25_74,P0N#1
2_37_48,P0N#1
2_23_188,P0N#1
3_43_56,P0N#1
1_33_180,P0N#1
2_10_190,P0N#1
3_28_193,P0N#1
2_25_156,P0N#1
2_50_97,P0N#1
3_19_54,P0N#1
4_49_125,P0N#1
1_12_130,P0N#1
4_33_55,P0N#1
3_7_199,P0N#1
2_18_148,P0N#1
1_28_81,P0N#1
1_24_37,P0N#1
3_31_132,P0N#1
4_34_47,P0N#1
4_48_80,P0N#1
4_25_111,P0N#1
3_46_113,P0N#1
4_24_194,P0N#1
2_32_64,P0N#1
4_36_27,P0N#1
1_47_131,P0N#1
3_4_181,P0N#1
4_17_143,P0N#1
3_17_193,P0N#1
1_50_106,P0N#1
3_23_138,P0N#1
4_17_148,P0N#1
4_6_132,P0N#1
4_33_25,P0N#1
1_39_117,P0N#1
1_35_116,P0N#1
1_7_26,P0N#1
3_48_190,P0N#1
1_4_40,P0N#1
1_31_107,P0N#1
3_8_105,P0N#1
2_16_18,P0N#1
4_20_180,P0N#1
4_29_117,P0N#1
2_2_96,P0N#1
3_8_181,P0N#1
3_33_193,P0N#1
4_45_34,P0N#1
4_29_170,P0N#1
3_7_42,P0N#1
3_36_194,P0N#1
4_50_158,P0N#1
1_29_119,P0N#1
1_13_68,P0N#1
2_9_32,P0N#1
3_9_184,P0N#1
2_27_163,P0N#1
4_19_119,P0N#1
2_50_149,P0N#1
2_29_134,P0N#1
3_14_87,P0N#1
1_13_103,P0N#1
4_44_93,P0N#1
2_38_94,P0N#1
3_14_115,P0N#1
4_38_124,P0N#1
3_33_57,P0N#1
4_9_97,P0N#1
3_11_124,P0N#1
2_9_62,P0N#1
1_35_171,P0N#1
2_1_193,P0N#1
1_22_63,P0N#1
1_14_196,P0N#1
3_16_76,P0N#1
3_38_29,P0N#1
4_13_104,P0N#1
1_42_142,P0N#1
1_27_177,P0N#1
2_47_49,P0N#1
1_21_110,P0N#1
4_3_52,P0N#1
3_37_136,P0N#1
3_6_13,P0N#1
1_45_199,P0N#1
1_8_89,P0N#1
1_42_101,P0N#1
1_34_54,P0N#1
4_22_111,P0N#1
2_47_78,P0N#1
4_26_165,P0N#1
2_1_110,P0N#1
3_46_76,P0N#1
1_35_32,P0N#1
4_4_29,P0N#1
2_45_191,P0N#1
4_18_31,P0N#1
4_22_23,P0N#1
1_28_148,P0N#1
4_46_29,P0N#1
2_6_106,P0N#1
4_31_178,P0N#1
1_40_131,P0N#1
1_44_172,P0N#1
4_9_32,P0N#1
3_17_124,P0N#1
3_13_37,P0N#1
2_47_0,P0N#1
4_43_27,P0N#1
4_21_3,P0N#1
2_37_84,P0N#1
3_26_44,P0N#1
3_16_44,P0N#1
3_34_2,P0N#1
2_25_62,P0N#1
2_23_64,P0N#1
4_3_140,P0N#1
3_46_99,P0N#1
1_10_125,P0N#1
4_22_38,P0N#1
4_21_121,P0N#1
2_23_56,P0N#1
3_23_13,P0N#1
2_12_127,P0N#1
1_46_124,P0N#1
2_20_8,P0N#1
1_4_123,P0N#1
4_40_171,P0N#1
2_50_51,P0N#1
2_39_157,P0N#1
4_47_139,P0N#1
1_19_19,P0N#1
2_13_99,P0N#1
2_21_147,P0N#1
1_28_66,P0N#1
1_42_70,P0N#1
3_31_162,P0N#1
2_1_115,P0N#1
3_38_24,P0N#1
1_40_9,P0N#1
1_8_140,P0N#1
3_45_1,P0N#1
3_40_163,P0N#1
2_27_140,P0N#1
3_36_73,P0N#1
3_9_61,P0N#1
2_31_187,P0N#1
1_32_73,P0N#1
2_6_0,P0N#1
2_16_117,P0N#1
4_23_149,P0N#1
4_39_46,P0N#1
4_28_55,P0N#1
4_17_123,P0N#1
3_14_177,P0N#1
4_19_98,P0N#1
1_46_95,P0N#1
1_33_87,P0N#1
1_12_36,P0N#1
4_43_6,P0N#1
4_45_56,P0N#1
1_21_151,P0N#1
1_14_68,P0N#1
1_18_167,P0N#1
4_40_62,P0N#1
3_22_33,P0N#1
2_5_173,P0N#1
1_32_37,P0N#1
3_24_55,P0N#1
2_34_106,P0N#1
4_36_60,P0N#1
3_19_124,P0N#1
4_5_0,P0N#1
3_3_72,P0N#1
3_26_27,P0N#1
3_23_91,P0N#1
1_35_18,P0N#1
2_5_37,P0N#1
1_11_146,P0N#1
3_30_88,P0N#1
4_22_86,P0N#1
2_41_197,P0N#1
1_33_141,P0N#1
4_24_23,P0N#1
4_45_184,P0N#1
1_1_141,P0N#1
1_21_122,P0N#1
3_8_58,P0N#1
4_33_51,P0N#1
4_2_106,P0N#1
1_35_129,P0N#1
4_6_193,P0N#1
4_9_140,P0N#1
3_43_135,P0N#1
1_39_97,P0N#1
2_1_188,P0N#1
3_34_66,P0N#1
1_6_169,P0N#1
3_2_126,P0N#1
2_46_31,P0N#1
3_27_90,P0N#1
1_15_59,P0N#1
2_19_138,P0N#1
2_39_142,P0N#1
4_5_26,P0N#1
1_25_82,P0N#1
3_21_15,P0N#1
2_22_76,P0N#1
2_19_163,P0N#1
2_4_162,P0N#1
3_41_80,P0N#1
3_19_139,P0N#1
4_29_101,P0N#1
3_11_168,P0N#1
4_2_95,P0N#1
3_23_51,P0N#1
3_17_152,P0N#1
1_46_69,P0N#1
1_23_68,P0N#1
2_38_38,P0N#1
3_1_49,P0N#1
2_7_144,P0N#1
4_43_141,P0N#1
3_47_185,P0N#1
1_27_194,P0N#1
4_14_135,P0N#1
3_48_34,P0N#1
2_16_136,P0N#1
1_39_114,P0N#1
4_17_173,P0N#1
3_16_75,P0N#1
4_6_66,P0N#1
2_29_48,P0N#1
4_28_85,P0N#1
3_21_37,P0N#1
3_44_39,P0N#1
1_31_108,P0N#1
4_37_86,P0N#1
4_17_194,P0N#1
3_5_184,P0N#1
2_45_146,P0N#1
1_7_91,P0N#1
2_5_89,P0N#1
4_4_180,P0N#1
1_7_120,P0N#1
3_10_164,P0N#1
1_12_22,P0N#1
4_36_122,P0N#1
3_29_11,P0N#1
2_31_14,P0N#1
1_34_137,P0N#1
3_36_154,P0N#1
1_42_21,P0N#1
1_17_123,P0N#1
4_29_171,P0N#1
4_25_55,P0N#1
1_41_118,P0N#1
2_9_135,P0N#1
3_32_95,P0N#1
1_34_139,P0N#1
4_45_84,P0N#1
4_50_160,P0N#1
1_39_28,P0N#1
4_33_177,P0N#1
1_29_112,P0N#1
2_26_57,P0N#1
1_10_7,P0N#1
3_8_192,P0N#1
2_43_45,P0N#1
4_14_143,P0N#1
1_5_187,P0N#1
3_27_182,P0N#1
2_22_124,P0N#1
4_41_88,P0N#1
4_30_12,P0N#1
2_22_123,P0N#1
4_1_157,P0N#1
1_17_102,P0N#1
1_2_21,P0N#1
1_50_137,P0N#1
1_45_169,P0N#1
4_2_20,P0N#1
3_48_119,P0N#1
1_33_65,P0N#1
3_14_105,P0N#1
4_32_68,P0N#1
3_5_166,P0N#1
4_44_146,P0N#1
2_41_157,P0N#1
2_28_18,P0N#1
3_2_39,P0N#1
4_17_160,P0N#1
1_24_137,P0N#1
1_31_180,P0N#1
3_20_152,P0N#1
4_23_73,P0N#1
2_19_34,P0N#1
1_47_47,P0N#1
1_47_66,P0N#1
2_8_144,P0N#1
2_39_147,P0N#1
3_2_34,P0N#1
4_4_90,P0N#1
4_45_106,P0N#1
1_36_189,P0N#1
3_42_165,P0N#1
2_13_56,P0N#1
1_21_184,P0N#1
3_36_109,P0N#1
1_46_48,P0N#1
3_2_194,P0N#1
3_1_168,P0N#1
2_23_40,P0N#1
3_11_176,P0N#1
4_6_137,P0N#1
2_43_86,P0N#1
3_13_88,P0N#1
1_5_58,P0N#1
1_4_117,P0N#1
2_14_164,P0N#1
4_41_65,P0N#1
4_11_4,P0N#1
4_49_197,P0N#1
1_30_71,P0N#1
2_26_159,P0N#1
2_27_129,P0N#1
1_11_91,P0N#1
4_5_98,P0N#1
2_10_104,P0N#1
1_31_72,P0N#1
2_13_154,P0N#1
3_19_51,P0N#1
4_5_154,P0N#1
4_33_170,P0N#1
1_20_9,P0N#1
3_36_183,P0N#1
1_47_171,P0N#1
2_32_22,P0N#1
2_30_175,P0N#1
1_13_42,P0N#1
4_47_158,P0N#1
3_40_6,P0N#1
3_42_124,P0N#1
2_18_195,P0N#1
3_28_196,P0N#1
4_42_35,P0N#1
2_39_190,P0N#1
1_30_195,P0N#1
1_14_135,P0N#1
2_24_83,P0N#1
3_37_33,P0N#1
2_21_187,P0N#1
3_48_98,P0N#1
3_24_7,P0N#1
1_36_1,P0N#1
3_27_3,P0N#1
2_19_126,P0N#1
1_33_131,P0N#1
1_11_164,P0N#1
2_19_111,P0N#1
4_43_143,P0N#1
4_9_111,P0N#1
3_18_186,P0N#1
1_19_42,P0N#1
4_24_139,P0N#1
3_49_171,P0N#1
1_11_59,P0N#1
1_1_146,P0N#1
2_26_192,P0N#1
3_46_11,P0N#1
3_34_128,P0N#1
2_39_79,P0N#1
1_44_127,P0N#1
2_46_162,P0N#1
2_43_24,P0N#1
1_9_131,P0N#1
3_10_169,P0N#1
3_41_132,P0N#1
3_27_14,P0N#1
1_41_22,P0N#1
1_9_23,P0N#1
3_2_13,P0N#1
4_33_154,P0N#1
1_29_48,P0N#1
1_9_47,P0N#1
1_26_115,P0N#1
4_27_85,P0N#1
1_30_99,P0N#1
3_4_104,P0N#1
4_50_6,P0N#1
4_10_181,P0N#1
1_32_176,P0N#1
3_17_4,P0N#1
3_14_123,P0N#1
2_20_81,P0N#1
2_37_2,P0N#1
1_31_135,P0N#1
2_18_182,P0N#1
3_29_167,P0N#1
3_21_26,P0N#1
2_46_10,P0N#1
1_42_187,P0N#1
1_11_177,P0N#1
4_2_70,P0N#1
2_42_181,P0N#1
1_34_103,P0N#1
2_6_15,P0N#1
1_19_124,P0N#1
4_41_120,P0N#1
1_12_39,P0N#1
4_33_125,P0N#1
2_4_25,P0N#1
1_32_114,P0N#1
2_1_25,P0N#1
2_36_56,P0N#1
2_26_173,P0N#1
2_32_127,P0N#1
3_15_52,P0N#1
3_42_67,P0N#1
1_21_85,P0N#1
1_18_52,P0N#1
3_24_59,P0N#1
2_24_151,P0N#1
2_8_158,P0N#1
1_7_90,P0N#1
2_27_100,P0N#1
3_26_19,P0N#1
2_46_12,P0N#1
2_47_68,P0N#1
4_38_70,P0N#1
1_42_161,P0N#1
1_1_78,P0N#1
1_7_187,P0N#1
2_19_127,P0N#1
1_37_89,P0N#1
2_24_8,P0N#1
3_40_5,P0N#1
1_31_2,P0N#1
1_17_3,P0N#1
2_16_168,P0N#1
3_24_69,P0N#1
2_27_150,P0N#1
4_21_82,P0N#1
3_28_156,P0N#1
4_6_49,P0N#1
4_43_149,P0N#1
1_23_199,P0N#1
3_15_71,P0N#1
1_45_100,P0N#1
4_27_75,P0N#1
1_45_11,P0N#1
4_45_122,P0N#1
1_33_127,P0N#1
2_15_42,P0N#1
2_39_42,P0N#1
4_39_76,P0N#1
2_17_45,P0N#1
4_43_187,P0N#1
4_12_46,P0N#1
1_41_160,P0N#2
3_11_18,P0N#2
1_13_74,P0N#2
4_22_127,P0N#2
2_11_30,P0N#2
3_34_97,P0N#2
2_32_144,P0N#2
1_33_144,P0N#2
1_21_70,P0N#2
2_39_67,P0N#2
4_46_172,P0N#2
3_29_162,P0N#2
2_19_150,P0N#2
2_9_138,P0N#2
1_15_10,P0N#2
2_43_151,P0N#2
3_6_183,P0N#2
2_31_111,P0N#2
3_23_186,P0N#2
4_38_112,P0N#2
3_41_147,P0N#2
3_26_123,P0N#2
4_27_37,P0N#2
4_45_81,P0N#2
1_35_118,P0N#2
1_14_86,P0N#2
4_38_96,P0N#2
3_50_72,P0N#2
1_32_133,P0N#2
2_31_83,P0N#2
3_30_170,P0N#2
1_9_195,P0N#2
3_49_40,P0N#2
3_13_24,P0N#2
1_18_8,P0N#2
4_25_127,P0N#2
1_49_3,P0N#2
1_48_160,P0N#2
4_46_6,P0N#2
4_44_86,P0N#2
4_28_155,P0N#2
4_41_81,P0N#2
1_26_199,P0N#2
2_28_21,P0N#2
2_47_101,P0N#2
1_7_71,P0N#2
3_27_62,P0N#2
3_22_7,P0N#2
4_19_184,P0N#2
3_7_79,P0N#2
2_1_76,P0N#2
4_49_166,P0N#2
1_10_86,P0N#2
3_36_100,P0N#2
4_45_190,P0N#2
1_30_181,P0N#2
3_14_55,P0N#2
2_10_162,P0N#2
3_6_151,P0N#2
2_46_175,P0N#2
1_40_166,P0N#2
3_6_157,P0N#2
2_9_25,P0N#2
4_33_151,P0N#2
4_15_56,P0N#2
3_10_198,P0N#2
3_16_94,P0N#2
4_15_47,P0N#2
1_11_79,P0N#2
3_32_157,P0N#2
4_50_171,P0N#2
3_15_77,P0N#2
1_4_162,P0N#2
2_29_16,P0N#2
1_20_117,P0N#2
3_47_194,P0N#2
4_50_47,P0N#2
1_19_85,P0N#2
3_31_173,P0N#2
1_31_167,P0N#2
2_5_6,P0N#2
3_26_51,P0N#2
3_3_62,P0N#2
1_39_147,P0N#2
4_12_22,P0N#2
3_3_58,P0N#2
4_23_194,P0N#2
3_42_11,P0N#2
4_16_188,P0N#2
3_3_164,P0N#2
1_28_1,P0N#2
1_27_171,P0N#2
1_31_106,P0N#2
3_7_167,P0N#2
1_45_56,P0N#2
4_13_98,P0N#2
2_25_195,P0N#2
4_10_106,P0N#2
2_19_131,P0N#2
2_49_82,P0N#2
3_26_128,P0N#2
3_13_34,P0N#2
4_5_151,P0N#2
4_27_77,P0N#2
1_20_154,P0N#2
2_49_127,P0N#2
4_50_56,P0N#2
2_2_133,P0N#2
3_44_191,P0N#2
2_10_16,P0N#2
1_25_101,P0N#2
3_32_171,P0N#2
2_11_148,P0N#2
4_15_73,P0N#2
4_31_90,P0N#2
2_42_61,P0N#2
2_35_102,P0N#2
2_42_78,P0N#2
4_33_3,P0N#2
2_3_79,P0N#2
2_32_187,P0N#2
2_36_171,P0N#2
2_42_16,P0N#2
3_24_136,P0N#2
4_31_155,P0N#2
1_8_82,P0N#2
2_45_25,P0N#2
4_8_110,P0N#2
2_13_139,P0N#2
1_5_59,P0N#2
2_38_165,P0N#2
3_36_131,P0N#2
2_13_72,P0N#2
1_3_174,P0N#2
3_46_20,P0N#2
1_35_184,P0N#2
1_17_170,P0N#2
4_12_84,P0N#2
4_49_161,P0N#2
3_11_88,P0N#2
1_41_19,P0N#2
2_36_41,P0N#2
1_3_35,P0N#2
2_30_85,P0N#2
2_45_138,P0N#2
3_27_199,P0N#2
1_17_184,P0N#2
4_50_97,P0N#2
1_30_12,P0N#2
4_18_103,P0N#2
1_19_16,P0N#2
4_31_194,P0N#2
3_21_70,P0N#2
3_12_55,P0N#2
3_25_148,P0N#2
1_13_5,P0N#2
4_4_43,P0N#2
3_14_77,P0N#2
2_39_22,P0N#2
3_20_140,P0N#2
4_10_75,P0N#2
3_43_158,P0N#2
2_33_190,P0N#2
1_10_33,P0N#2
1_9_70,P0N#2
3_15_10,P0N#2
3_17_75,P0N#2
2_10_31,P0N#2
3_42_2,P0N#2
3_39_65,P0N#2
3_34_194,P0N#2
2_16_128,P0N#2
2_8_35,P0N#2
1_6_28,P0N#2
4_45_136,P0N#2
4_48_123,P0N#2
4_15_97,P0N#2
1_40_65,P0N#2
2_30_133,P0N#2
4_31_141,P0N#2
4_18_84,P0N#2
3_44_83,P0N#2
1_37_25,P0N#2
2_23_127,P0N#2
2_27_106,P0N#2
4_38_24,P0N#2
1_33_104,P0N#2
2_7_105,P0N#2
3_14_172,P0N#2
2_29_78,P0N#2
4_14_10,P0N#2
2_46_69,P0N#2
2_27_9,P0N#2
1_30_15,P0N#2
4_23_1,P0N#2
1_34_95,P0N#2
2_23_87,P0N#2
4_16_198,P0N#2
1_2_35,P0N#2
4_48_38,P0N#2
2_27_17,P0N#2
3_25_153,P0N#2
2_3_141,P0N#2
2_14_141,P0N#2
1_29_84,P0N#2
4_49_135,P0N#2
2_45_152,P0N#2
2_17_152,P0N#2
1_27_9,P0N#2
3_48_195,P0N#2
2_20_113,P0N#2
2_8_61,P0N#2
3_6_17,P0N#2
1_44_106,P0N#2
3_4_92,P0N#2
4_49_191,P0N#2
2_18_137,P0N#2
4_6_23,P0N#2
1_4_83,P0N#2
1_18_183,P0N#2
3_12_71,P0N#2
4_2_107,P0N#2
3_27_174,P0N#2
3_50_175,P0N#2
3_19_12,P0N#2
2_7_139,P0N#2
3_41_174,P0N#2
2_38_34,P0N#2
3_45_143,P0N#2
3_44_117,P0N#2
2_1_189,P0N#2
3_26_81,P0N#2
2_48_24,P0N#2
2_42_149,P0N#2
1_4_154,P0N#2
4_19_26,P0N#2
2_30_74,P0N#2
4_27_24,P0N#2
4_49_20,P0N#2
3_4_29,P0N#2
1_18_19,P0N#2
3_8_170,P0N#2
3_33_103,P0N#2
2_17_149,P0N#2
4_33_115,P0N#2
3_14_51,P0N#2
1_6_14,P0N#2
1_47_13,P0N#2
3_32_187,P0N#2
1_16_105,P0N#2
3_26_174,P0N#2
4_45_126,P0N#2
3_8_63,P0N#2
4_9_45,P0N#2
4_11_41,P0N#2
3_37_130,P0N#2
1_16_125,P0N#2
4_50_98,P0N#2
3_19_0,P0N#2
2_28_54,P0N#2
3_6_192,P0N#2
3_23_115,P0N#2
4_17_59,P0N#2
1_50_86,P0N#2
4_40_147,P0N#2
3_36_106,P0N#2
3_18_86,P0N#2
1_49_172,P0N#2
1_18_72,P0N#2
3_39_5,P0N#2
3_43_167,P0N#2
2_47_125,P0N#2
4_14_86,P0N#2
3_18_51,P0N#2
1_35_168,P0N#2
1_50_66,P0N#2
1_27_3,P0N#2
4_12_24,P0N#2
1_44_147,P0N#2
2_12_64,P0N#2
1_6_4,P0N#2
2_12_129,P0N#2
4_35_107,P0N#2
4_49_91,P0N#2
4_44_178,P0N#2
3_18_136,P0N#2
4_34_188,P0N#2
3_20_57,P0N#2
1_14_44,P0N#2
1_30_103,P0N#2
3_22_99,P0N#2
2_35_50,P0N#2
1_2_91,P0N#2
3_7_92,P0N#2
4_37_3,P0N#2
1_9_149,P0N#2
3_26_32,P0N#2
4_6_6,P0N#2
1_21_32,P0N#2
3_27_28,P0N#2
3_44_36,P0N#2
4_40_89,P0N#2
3_45_104,P0N#2
1_39_86,P0N#2
2_9_171,P0N#2
4_16_53,P0N#2
3_14_98,P0N#2
3_6_24,P0N#2
2_27_87,P0N#2
4_16_162,P0N#2
4_50_107,P0N#2
3_25_34,P0N#2
1_19_181,P0N#2
2_7_159,P0N#2
1_34_30,P0N#2
4_15_40,P0N#2
2_43_91,P0N#2
4_27_17,P0N#2
2_5_94,P0N#2
3_1_50,P0N#2
2_35_84,P0N#2
2_19_108,P0N#2
1_28_25,P0N#2
4_27_111,P0N#2
2_9_64,P0N#2
3_13_38,P0N#2
3_8_198,P0N#2
1_22_113,P0N#2
4_19_56,P0N#2
1_3_79,P0N#2
2_21_93,P0N#2
2_25_126,P0N#2
3_35_55,P0N#2
3_11_87,P0N#2
3_4_8,P0N#2
2_47_147,P0N#2
3_7_37,P0N#2
1_2_137,P0N#2
2_16_172,P0N#2
1_25_160,P0N#2
2_46_185,P0N#2
1_42_44,P0N#2
4_13_99,P0N#2
4_31_19,P0N#2
1_41_76,P0N#2
2_3_145,P0N#2
1_40_2,P0N#2
3_49_198,P0N#2
3_29_2,P0N#2
4_17_139,P0N#2
4_27_78,P0N#2
3_39_41,P0N#2
4_31_162,P0N#2
4_2_69,P0N#2
3_28_154,P0N#2
2_31_113,P0N#2
4_9_78,P0N#2
3_5_92,P0N#2
2_25_142,P0N#2
1_20_66,P0N#2
4_32_112,P0N#2
2_25_64,P0N#2
1_42_184,P0N#2
1_1_22,P0N#2
1_8_2,P0N#2
3_41_12,P0N#2
1_46_189,P0N#2
2_14_95,P0N#2
1_28_199,P0N#2
2_40_5,P0N#2
1_20_11,P0N#2
4_8_88,P0N#2
3_20_92,P0N#2
1_12_81,P0N#2
3_28_180,P0N#2
3_7_170,P0N#2
3_47_57,P0N#2
4_41_58,P0N#2
4_39_66,P0N#2
2_18_105,P0N#2
4_40_9,P0N#2
3_50_13,P0N#2
2_23_95,P0N#2
3_40_57,P0N#2
2_28_51,P0N#2
1_20_147,P0N#2
3_23_126,P0N#2
3_44_157,P0N#2
4_22_124,P0N#2
3_19_66,P0N#2
1_14_195,P0N#2
1_11_74,P0N#2
2_10_106,P0N#2
2_9_75,P0N#2
1_40_117,P0N#2
3_27_89,P0N#2
3_33_12,P0N#2
3_8_5,P0N#2
2_27_90,P0N#2
4_21_175,P0N#2
1_49_134,P0N#2
4_15_133,P0N#2
3_37_184,P0N#2
4_23_13,P0N#2
4_47_90,P0N#2
4_24_138,P0N#2
1_44_100,P0N#2
4_50_29,P0N#2
4_2_24,P0N#2
2_27_91,P0N#2
4_36_85,P0N#2
4_20_107,P0N#2
3_7_54,P0N#2
3_38_176,P0N#2
3_28_20,P0N#2
2_48_50,P0N#2
2_45_2,P0N#2
1_1_116,P0N#2
3_23_113,P0N#2
2_33_106,P0N#2
1_3_52,P0N#2
3_1_191,P0N#2
3_12_20,P0N#2
2_50_163,P0N#2
1_45_117,P0N#2
2_1_105,P0N#2
3_30_98,P0N#2
4_21_143,P0N#2
3_8_1,P0N#2
2_34_20,P0N#2
3_48_55,P0N#2
4_11_44,P0N#2
2_9_181,P0N#2
4_3_133,P0N#2
4_5_64,P0N#2
3_49_39,P0N#2
4_11_170,P0N#2
2_27_116,P0N#2
4_49_88,P0N#2
4_27_8,P0N#2
2_36_123,P0N#2
4_35_187,P0N#2
3_39_140,P0N#2
4_5_119,P0N#2
2_47_189,P0N#2
1_24_97,P0N#2
3_29_14,P0N#2
4_2_65,P0N#2
2_39_70,P0N#2
3_46_128,P0N#2
3_46_15,P0N#2
1_22_24,P0N#2
2_44_192,P0N#2
4_45_72,P0N#2
1_32_156,P0N#2
4_49_132,P0N#2
4_14_88,P0N#2
3_15_70,P0N#2
2_3_165,P0N#2
3_4_184,P0N#2
4_29_97,P0N#2
2_17_25,P0N#2
4_2_119,P0N#2
2_8_117,P0N#2
3_31_129,P0N#2
2_27_54,P0N#2
2_32_12,P0N#2
2_11_124,P0N#2
1_37_156,P0N#2
4_39_23,P0N#2
2_9_79,P0N#2
3_22_198,P0N#2
1_29_24,P0N#2
2_46_131,P0N#2
2_44_49,P0N#2
3_37_85,P0N#2
4_35_54,P0N#2
1_36_134,P0N#2
2_18_159,P0N#2
3_17_22,P0N#2
4_34_96,P0N#2
4_46_72,P0N#2
2_32_141,P0N#2
2_3_185,P0N#2
1_33_67,P0N#2
4_39_65,P0N#2
4_16_108,P0N#2
2_20_28,P0N#2
2_45_96,P0N#2
1_26_45,P0N#2
1_5_41,P0N#2
4_49_25,P0N#2
1_44_111,P0N#2
1_21_95,P0N#2
4_10_163,P0N#2
4_17_44,P0N#2
2_29_29,P0N#2
3_42_167,P0N#2
4_33_187,P0N#2
4_49_37,P0N#2
2_13_101,P0N#2
1_1_70,P0N#2
4_45_104,P0N#2
3_31_44,P0N#2
3_8_180,P0N#2
3_47_73,P0N#2
1_35_83,P0N#2
3_44_15,P0N#2
3_47_114,P0N#2
4_22_149,P0N#2
1_42_49,P0N#2
4_33_197,P0N#2
1_34_24,P0N#2
3_42_27,P0N#2
4_49_130,P0N#2
2_9_173,P0N#2
3_47_81,P0N#2
1_41_101,P0N#2
1_18_80,P0N#2
2_13_9,P0N#2
3_35_83,P0N#2
1_23_179,P0N#2
4_7_175,P0N#2
3_23_72,P0N#2
4_11_48,P0N#2
3_33_29,P0N#2
2_31_110,P0N#2
1_47_75,P0N#2
1_46_183,P0N#2
3_29_198,P0N#2
2_8_107,P0N#2
2_6_132,P0N#2
3_34_11,P0N#2
3_39_131,P0N#2
4_39_176,P0N#2
3_3_38,P0N#2
2_35_163,P0N#2
1_43_7,P0N#2
2_24_137,P0N#2
4_7_128,P0N#2
3_50_137,P0N#2
2_46_3,P0N#2
1_5_192,P0N#2
4_27_154,P0N#2
3_4_79,P0N#2
2_47_164,P0N#2
4_2_68,P0N#2
3_25_182,P0N#2
4_10_62,P0N#2
1_3_169,P0N#2
2_17_37,P0N#2
2_42_142,P0N#2
4_46_3,P0N#2
4_37_140,P0N#2
3_32_31,P0N#2
1_1_99,P0N#2
1_44_168,P0N#2
1_50_58,P0N#2
4_10_143,P0N#2
3_45_177,P0N#2
2_33_41,P0N#2
1_2_141,P0N#2
2_44_168,P0N#2
2_38_173,P0N#2
4_44_31,P0N#2
2_28_17,P0N#2
4_16_58,P0N#2
2_31_153,P0N#2
1_31_87,P0N#2
4_1_95,P0N#2
3_9_111,P0N#2
3_46_156,P0N#2
4_38_39,P0N#2
4_6_29,P0N#2
1_10_56,P0N#2
4_32_137,P0N#2
1_13_169,P0N#2
3_34_164,P0N#2
2_48_109,P0N#2
1_2_159,P0N#2
1_20_42,P0N#2
3_18_61,P0N#2
4_25_51,P0N#2
3_17_9,P0N#2
3_13_13,P0N#2
2_22_119,P0N#2
4_40_117,P0N#2
4_49_66,P0N#2
2_14_41,P0N#2
1_38_101,P0N#2
1_29_99,P0N#2
1_41_71,P0N#2
1_1_91,P0N#2
4_4_129,P0N#2
1_9_147,P0N#2
1_33_14,P0N#2
4_21_77,P0N#2
3_13_143,P0N#2
2_42_197,P0N#2
3_1_9,P0N#2
2_26_199,P0N#2
4_14_93,P0N#2
4_27_176,P0N#2
1_3_64,P0N#2
1_27_142,P0N#2
2_7_143,P0N#2
4_36_108,P0N#2
4_23_114,P0N#2
3_21_122,P0N#2
4_43_147,P0N#2
3_14_138,P0N#2
4_2_142,P0N#2
1_4_192,P0N#2
1_21_82,P0N#2
3_31_187,P0N#2
4_20_178,P0N#2
3_29_110,P0N#2
2_21_5,P0N#2
1_34_87,P0N#2
4_39_138,P0N#2
2_12_188,P0N#2
2_25_181,P0N#2
2_21_194,P0N#2
2_33_94,P0N#2
4_35_10,P0N#2
2_41_173,P0N#2
4_38_95,P0N#2
4_11_148,P0N#2
1_49_86,P0N#2
2_8_19,P0N#2
1_28_43,P0N#2
3_11_159,P0N#2
2_16_193,P0N#2
2_30_48,P0N#2
1_36_149,P0N#2
4_50_77,P0N#2
1_9_34,P0N#2
2_42_165,P0N#2
2_20_2,P0N#2
3_40_185,P0N#2
3_49_26,P0N#2
4_25_48,P0N#2
3_46_167,P0N#2
2_41_180,P0N#2
1_22_133,P0N#2
3_19_28,P0N#2
4_34_30,P0N#2
3_42_16,P0N#2
4_26_162,P0N#2
4_1_189,P0N#2
2_48_126,P0N#2
1_39_17,P0N#2
2_31_29,P0N#2
1_48_44,P0N#2
4_37_163,P0N#2
4_47_75,P0N#2
4_21_113,P0N#2
4_43_52,P0N#2
2_2_110,P0N#2
4_7_106,P0N#2
1_44_45,P0N#2
3_37_133,P0N#2
2_35_89,P0N#2
4_11_22,P0N#2
3_23_139,P0N#2
4_41_104,P0N#2
1_40_7,P0N#2
1_48_38,P0N#2
1_38_145,P0N#2
2_33_114,P0N#2
2_20_145,P0N#2
2_11_126,P0N#2
4_49_133,P0N#2
4_39_88,P0N#2
2_2_191,P0N#2
3_25_15,P0N#2
3_33_126,P0N#2
3_5_134,P0N#2
1_34_112,P0N#2
1_35_170,P0N#2
1_28_61,P0N#2
4_36_13,P0N#2
2_25_85,P0N#2
1_5_28,P0N#2
4_27_21,P0N#2
1_41_167,P0N#2
1_23_62,P0N#2
3_4_78,P0N#2
2_49_1,P0N#2
2_32_117,P0N#2
2_34_97,P0N#2
3_29_40,P0N#2
1_13_2,P0N#2
3_23_5,P0N#2
3_38_37,P0N#2
3_49_196,P0N#2
1_26_112,P0N#2
2_23_149,P0N#2
1_34_92,P0N#2
1_5_170,P0N#2
3_27_79,P0N#2
2_12_125,P0N#2
2_17_199,P0N#2
2_43_135,P0N#2
4_5_116,P0N#2
1_16_112,P0N#2
1_9_101,P0N#2
3_20_88,P0N#2
2_10_63,P0N#2
2_10_172,P0N#2
2_28_199,P0N#2
1_50_189,P0N#2
2_33_166,P0N#2
3_34_73,P0N#2
3_47_33,P0N#2
3_35_118,P0N#2
1_40_77,P0N#2
1_5_34,P0N#2
2_3_125,P0N#2
3_28_52,P0N#2
2_38_123,P0N#2
4_8_33,P0N#2
1_11_46,P0N#2
3_21_87,P0N#2
2_36_167,P0N#2
2_34_4,P0N#2
2_5_26,P0N#2
3_6_68,P0N#2
4_48_2,P0N#2
4_12_67,P0N#2
4_10_124,P0N#2
3_3_16,P0N#2
3_28_71,P0N#2
4_32_1,P0N#2
2_36_48,P0N#2
3_29_183,P0N#2
3_9_92,P0N#2
3_31_49,P0N#2
4_45_41,P0N#2
1_18_65,P0N#2
1_3_36,P0N#2
3_47_12,P0N#2
2_46_29,P0N#2
4_36_39,P0N#2
2_1_50,P0N#2
3_36_63,P0N#2
2_27_10,P0N#2
1_16_130,P0N#2
4_14_148,P0N#2
4_49_188,P0N#2
1_34_53,P0N#2
3_2_67,P0N#2
1_36_59,P0N#2
2_21_70,P0N#2
4_30_63,P0N#2
2_2_9,P0N#2
1_5_81,P0N#2
2_34_95,P0N#2
1_40_104,P0N#2
1_12_159,P0N#2
4_5_32,P0N#2
4_33_74,P0N#2
1_23_79,P0N#2
1_1_58,P0N#2
4_37_99,P0N#2
2_5_147,P0N#2
1_38_14,P0N#2
4_47_40,P0N#2
4_16_124,P0N#2
3_28_153,P0N#2
4_44_5,P0N#2
1_41_3,P0N#2
4_9_137,P0N#2
4_50_105,P0N#2
3_7_46,P0N#2
2_24_64,P0N#2
1_17_84,P0N#2
2_38_148,P0N#2
1_50_14,P0N#2
1_50_26,P0N#2
1_41_87,P0N#2
3_19_122,P0N#2
4_47_177,P0N#2
1_17_61,P0N#2
1_48_141,P0N#2
4_33_66,P0N#2
2_17_78,P0N#2
3_42_24,P0N#2
1_44_137,P0N#2
2_48_155,P0N#2
1_30_109,P0N#2
3_19_147,P0N#2
1_32_81,P0N#2
3_26_8,P0N#2
2_46_21,P0N#2
3_36_85,P0N#2
4_2_161,P0N#2
1_42_136,P0N#2
3_50_45,P0N#2
4_5_166,P0N#2
1_45_60,P0N#2
1_3_96,P0N#2
2_44_174,P0N#2
4_27_103,P0N#2
3_34_115,P0N#2
1_36_107,P0N#2
2_9_166,P0N#2
4_50_92,P0N#2
1_43_48,P0N#2
1_27_78,P0N#2
3_15_100,P0N#2
1_30_41,P0N#2
4_41_131,P0N#2
4_33_106,P0N#2
1_38_134,P0N#2
3_33_102,P0N#2
2_18_169,P0N#2
4_32_102,P0N#2
1_49_33,P0N#2
1_6_30,P0N#2
3_11_174,P0N#2
3_16_39,P0N#2
1_33_92,P0N#2
2_23_70,P0N#2
3_25_72,P0N#2
3_7_30,P0N#2
3_32_86,P0N#2
3_5_88,P0N#2
3_24_139,P0N#2
2_19_42,P0N#2
4_46_181,P0N#2
3_42_90,P0N#2
3_48_3,P0N#2
4_38_31,P0N#2
3_38_85,P0N#2
1_20_63,P0N#2
2_1_181,P0N#2
1_16_47,P0N#2
4_4_49,P0N#2
4_47_122,P0N#2
1_22_0,P0N#2
1_23_12,P0N#2
1_39_54,P0N#2
3_16_95,P0N#2
1_10_104,P0N#2
2_44_62,P0N#2
2_35_42,P0N#2
3_1_66,P0N#2
2_42_9,P0N#2
4_33_192,P0N#2
4_33_41,P0N#2
1_23_121,P0N#2
2_42_6,P0N#2
2_44_88,P0N#2
3_28_50,P0N#2
4_18_6,P0N#2
4_46_111,P0N#2
4_26_63,P0N#2
4_37_112,P0N#2
1_39_11,P0N#2
4_37_176,P0N#2
2_32_153,P0N#2
1_30_197,P0N#2
3_10_156,P0N#2
3_20_71,P0N#2
2_2_12,P0N#2
1_28_182,P0N#2
1_10_28,P0N#2
2_19_54,P0N#2
2_16_15,P0N#2
4_41_94,P0N#2
4_35_120,P0N#2
2_45_119,P0N#2
1_48_130,P0N#2
4_32_13,P0N#2
2_22_156,P0N#2
3_42_145,P0N#2
4_35_57,P0N#2
4_46_58,P0N#2
3_18_199,P0N#2
3_37_103,P0N#2
2_6_62,P0N#2
3_4_145,P0N#2
3_7_11,P0N#2
4_13_183,P0N#2
2_3_193,P0N#2
2_35_76,P0N#2
2_31_139,P0N#2
2_26_117,P0N#2
2_6_172,P0N#2
4_19_70,P0N#2
4_7_142,P0N#2
1_28_181,P0N#2
3_38_8,P0N#2
1_12_176,P0N#2
1_2_184,P0N#2
2_45_75,P0N#2
3_12_105,P0N#2
1_46_57,P0N#2
4_16_189,P0N#2
4_7_109,P0N#2
4_14_122,P0N#2
1_4_32,P0N#2
4_3_141,P0N#2
4_6_157,P0N#2
2_37_81,P0N#2
3_2_101,P0N#2
3_1_75,P0N#2
4_6_15,P0N#2
3_22_97,P0N#2
3_20_56,P0N#2
4_36_164,P0N#2
3_30_148,P0N#2
2_8_95,P0N#2
1_40_184,P0N#2
3_12_22,P0N#2
4_48_64,P0N#2
2_14_8,P0N#2
3_21_44,P0N#2
4_23_165,P0N#2
2_21_88,P0N#2
1_42_185,P0N#2
4_24_171,P0N#2
3_35_108,P0N#2
3_11_19,P0N#2
1_46_67,P0N#2
2_15_102,P0N#2
4_8_61,P0N#2
2_20_175,P0N#2
3_45_180,P0N#2
3_24_65,P0N#2
3_26_126,P0N#2
2_8_10,P0N#2
1_31_142,P0N#2
2_43_155,P0N#2
1_5_90,P0N#2
4_5_21,P0N#2
3_4_165,P0N#2
2_31_177,P0N#2
1_17_87,P0N#2
1_14_194,P0N#2
4_28_158,P0N#2
3_37_148,P0N#2
4_1_88,P0N#2
3_13_129,P0N#2
3_33_188,P0N#2
2_40_150,P0N#2
2_1_1,P0N#2
1_48_159,P0N#2
4_11_149,P0N#2
2_25_89,P0N#2
1_6_18,P0N#2
2_32_16,P0N#2
3_47_146,P0N#2
1_50_121,P0N#2
1_20_65,P0N#2
4_32_65,P0N#2
3_17_76,P0N#2
2_26_104,P0N#2
2_40_144,P0N#2
4_4_37,P0N#2
2_38_144,P0N#2
2_4_31,P0N#2
1_50_46,P0N#2
4_24_70,P0N#2
2_8_109,P0N#2
1_31_61,P0N#2
2_10_168,P0N#2
4_5_24,P0N#2
2_41_23,P0N#2
2_10_166,P0N#2
3_6_141,P0N#2
3_48_143,P0N#2
3_14_131,P0N#2
2_27_148,P0N#2
3_35_195,P0N#2
4_9_119,P0N#2
3_46_123,P0N#2
4_50_3,P0N#2
4_37_50,P0N#2
2_17_129,P0N#2
4_1_187,P0N#2
1_2_77,P0N#2
3_25_192,P0N#2
4_22_138,P0N#2
4_18_98,P0N#2
2_10_21,P0N#2
1_41_144,P0N#2
3_35_14,P0N#2
4_15_12,P0N#2
2_40_38,P0N#2
3_26_39,P0N#2
4_48_144,P0N#2
4_25_130,P0N#2
1_5_152,P0N#2
1_12_26,Q3N#1
2_47_60,Q3N#1
2_48_183,Q3N#1
4_28_104,Q3N#1
3_38_32,Q3N#1
4_44_127,Q3N#1
1_34_188,Q3N#1
4_30_69,Q3N#1
4_18_123,Q3N#1
1_32_97,Q3N#1
4_5_16,Q3N#1
2_20_147,Q3N#1
3_6_71,Q3N#1
1_48_62,Q3N#1
4_13_175,Q3N#1
2_37_132,Q3N#1
1_14_174,Q3N#1
1_45_197,Q3N#1
2_42_178,Q3N#1
3_40_167,Q3N#1
1_1_29,Q3N#1
1_22_5,Q3N#1
1_38_98,Q3N#1
2_12_152,Q3N#1
3_48_165,Q3N#1
4_19_42,Q3N#1
1_42_134,Q3N#1
1_28_8,Q3N#1
3_47_167,Q3N#1
2_26_113,Q3N#1
2_29_9,Q3N#1
3_27_18,Q3N#1
4_20_56,Q3N#1
1_23_100,Q3N#1
3_25_22,Q3N#1
2_31_134,Q3N#1
3_39_72,Q3N#1
1_34_84,Q3N#1
4_46_52,Q3N#1
1_30_53,Q3N#1
2_16_5,Q3N#1
4_34_13,Q3N#1
3_22_180,Q3N#1
2_42_108,Q3N#1
4_22_60,Q3N#1
2_27_146,Q3N#1
4_47_173,Q3N#1
2_25_188,Q3N#1
2_8_116,Q3N#1
2_45_114,Q3N#1
4_3_107,Q3N#1
1_26_128,Q3N#1
1_47_157,Q3N#1
1_49_122,Q3N#1
2_14_78,Q3N#1
3_33_20,Q3N#1
3_49_35,Q3N#1
1_33_199,Q3N#1
1_42_9,Q3N#1
4_5_42,Q3N#1
4_10_83,Q3N#1
4_40_77,Q3N#1
2_20_109,Q3N#1
2_16_184,Q3N#1
4_30_136,Q3N#1
1_35_20,Q3N#1
3_19_173,Q3N#1
3_6_89,Q3N#1
3_4_192,Q3N#1
3_43_30,Q3N#1
4_6_16,Q3N#1
3_23_25,Q3N#1
1_6_51,Q3N#1
2_18_33,Q3N#1
1_46_18,Q3N#1
4_10_84,Q3N#1
2_9_126,Q3N#1
3_35_162,Q3N#1
4_18_143,Q3N#1
4_5_14,Q3N#1
2_15_71,Q3N#1
1_45_138,Q3N#1
1_17_1,Q3N#1
3_49_31,Q3N#1
3_42_149,Q3N#1
2_50_109,Q3N#1
1_19_7,Q3N#1
3_13_104,Q3N#1
3_41_167,Q3N#1
1_8_96,Q3N#1
2_37_90,Q3N#1
4_4_44,Q3N#1
3_26_119,Q3N#1
4_13_25,Q3N#1
1_31_85,Q3N#1
1_9_159,Q3N#1
1_18_159,Q3N#1
2_13_61,Q3N#1
3_48_88,Q3N#1
1_27_160,Q3N#1
4_46_168,Q3N#1
1_32_185,Q3N#1
1_32_93,Q3N#1
3_21_34,Q3N#1
1_11_110,Q3N#1
4_17_65,Q3N#1
3_27_81,Q3N#1
2_3_88,Q3N#1
1_30_93,Q3N#1
1_25_113,Q3N#1
4_35_33,Q3N#1
4_34_71,Q3N#1
2_48_156,Q3N#1
4_35_188,Q3N#1
4_14_31,Q3N#1
2_25_184,Q3N#1
2_12_108,Q3N#1
4_46_31,Q3N#1
3_24_178,Q3N#1
4_48_100,Q3N#1
3_29_189,Q3N#1
4_41_91,Q3N#1
2_28_89,Q3N#1
1_24_2,Q3N#1
2_1_22,Q3N#1
1_28_78,Q3N#1
2_15_95,Q3N#1
2_11_16,Q3N#1
2_33_4,Q3N#1
4_48_54,Q3N#1
4_9_4,Q3N#1
1_13_162,Q3N#1
4_50_116,Q3N#1
3_36_150,Q3N#1
4_39_44,Q3N#1
4_38_92,Q3N#1
2_32_146,Q3N#1
2_49_98,Q3N#1
3_4_113,Q3N#1
2_49_189,Q3N#1
2_38_80,Q3N#1
1_45_65,Q3N#1
4_41_163,Q3N#1
1_43_113,Q3N#1
3_5_190,Q3N#1
1_10_117,Q3N#1
3_36_188,Q3N#1
2_11_78,Q3N#1
4_43_96,Q3N#1
3_1_112,Q3N#1
2_34_5,Q3N#1
2_5_188,Q3N#1
4_16_90,Q3N#1
2_33_92,Q3N#1
1_21_20,Q3N#1
1_23_159,Q3N#1
3_36_137,Q3N#1
2_7_87,Q3N#1
3_26_100,Q3N#1
4_26_56,Q3N#1
4_43_137,Q3N#1
1_9_196,Q3N#1
1_39_113,Q3N#1
1_18_133,Q3N#1
1_33_161,Q3N#1
2_17_93,Q3N#1
3_20_65,Q3N#1
4_21_180,Q3N#1
1_34_73,Q3N#1
4_11_109,Q3N#1
4_10_0,Q3N#1
4_40_101,Q3N#1
1_8_195,Q3N#1
1_35_179,Q3N#1
1_32_88,Q3N#1
4_33_147,Q3N#1
4_1_120,Q3N#1
1_12_73,Q3N#1
4_37_129,Q3N#1
2_22_35,Q3N#1
3_13_17,Q3N#1
2_23_86,Q3N#1
4_46_78,Q3N#1
3_2_95,Q3N#1
3_49_118,Q3N#1
3_37_177,Q3N#1
1_12_169,Q3N#1
2_24_11,Q3N#1
2_41_185,Q3N#1
2_34_72,Q3N#1
3_13_181,Q3N#1
2_6_124,Q3N#1
4_29_197,Q3N#1
1_23_99,Q3N#1
3_27_145,Q3N#1
3_24_129,Q3N#1
4_7_6,Q3N#1
3_39_163,Q3N#1
2_20_71,Q3N#1
3_42_20,Q3N#1
1_38_2,Q3N#1
4_13_130,Q3N#1
1_4_118,Q3N#1
3_29_194,Q3N#1
2_35_195,Q3N#1
1_50_160,Q3N#1
3_39_64,Q3N#1
3_43_28,Q3N#1
1_46_20,Q3N#1
3_34_8,Q3N#1
2_15_150,Q3N#1
1_45_21,Q3N#1
4_15_5,Q3N#1
4_3_92,Q3N#1
2_19_144,Q3N#1
1_35_156,Q3N#1
1_40_95,Q3N#1
2_30_137,Q3N#1
1_35_147,Q3N#1
1_22_106,Q3N#1
1_33_12,Q3N#1
1_33_143,Q3N#1
3_4_46,Q3N#1
4_26_140,Q3N#1
3_40_119,Q3N#1
4_45_20,Q3N#1
2_27_57,Q3N#1
4_39_111,Q3N#1
3_27_109,Q3N#1
1_48_33,Q3N#1
3_35_147,Q3N#1
3_25_42,Q3N#1
1_19_15,Q3N#1
3_6_38,Q3N#1
2_37_15,Q3N#1
4_38_145,Q3N#1
3_50_106,Q3N#1
1_19_105,Q3N#1
3_21_46,Q3N#1
2_49_121,Q3N#1
2_21_41,Q3N#1
3_32_167,Q3N#1
3_5_198,Q3N#1
1_45_71,Q3N#1
3_44_44,Q3N#1
3_35_19,Q3N#1
1_33_53,Q3N#1
4_41_169,Q3N#1
3_41_123,Q3N#1
3_43_188,Q3N#1
4_7_66,Q3N#1
1_30_16,Q3N#1
1_34_194,Q3N#1
3_17_126,Q3N#1
3_45_122,Q3N#1
4_47_73,Q3N#1
3_23_82,Q3N#1
3_2_0,Q3N#1
4_11_137,Q3N#1
4_15_84,Q3N#1
1_42_23,Q3N#1
3_6_23,Q3N#1
3_5_151,Q3N#1
4_3_183,Q3N#1
3_47_25,Q3N#1
2_43_14,Q3N#1
1_45_181,Q3N#1
1_32_124,Q3N#1
3_8_14,Q3N#1
1_19_47,Q3N#1
2_50_198,Q3N#1
1_10_52,Q3N#1
4_8_131,Q3N#1
4_26_77,Q3N#1
3_18_9,Q3N#1
4_25_5,Q3N#1
1_4_126,Q3N#1
3_34_74,Q3N#1
1_35_112,Q3N#1
3_17_162,Q3N#1
1_31_53,Q3N#1
4_17_112,Q3N#1
1_24_13,Q3N#1
3_32_15,Q3N#1
4_6_147,Q3N#1
3_50_5,Q3N#1
2_9_95,Q3N#1
4_35_198,Q3N#1
1_33_170,Q3N#1
3_31_166,Q3N#1
2_15_43,Q3N#1
1_23_11,Q3N#1
3_5_35,Q3N#1
3_5_177,Q3N#1
1_15_180,Q3N#1
4_41_123,Q3N#1
1_47_125,Q3N#1
2_16_167,Q3N#1
4_20_18,Q3N#1
1_24_172,Q3N#1
2_15_84,Q3N#1
2_12_120,Q3N#1
2_20_40,Q3N#1
3_44_10,Q3N#1
2_38_37,Q3N#1
3_43_62,Q3N#1
4_4_4,Q3N#1
3_16_137,Q3N#1
4_8_119,Q3N#1
1_31_90,Q3N#1
1_43_103,Q3N#1
2_7_188,Q3N#1
2_23_101,Q3N#1
4_23_166,Q3N#1
1_22_116,Q3N#1
4_48_19,Q3N#1
4_7_57,Q3N#1
4_9_182,Q3N#1
3_8_132,Q3N#1
4_2_105,Q3N#1
1_46_151,Q3N#1
2_22_173,Q3N#1
3_42_6,Q3N#1
2_23_69,Q3N#1
3_34_109,Q3N#1
3_32_165,Q3N#1
1_30_86,Q3N#1
2_45_144,Q3N#1
4_31_91,Q3N#1
1_13_105,Q3N#1
3_41_189,Q3N#1
2_10_32,Q3N#1
2_35_187,Q3N#1
2_28_70,Q3N#1
3_17_41,Q3N#1
2_12_121,Q3N#1
2_40_28,Q3N#1
4_36_15,Q3N#1
2_36_115,Q3N#1
3_28_120,Q3N#1
2_34_112,Q3N#1
2_9_109,Q3N#1
1_41_143,Q3N#1
3_49_135,Q3N#1
2_40_157,Q3N#1
1_41_185,Q3N#1
3_34_21,Q3N#1
4_50_120,Q3N#1
1_10_177,Q3N#1
3_46_177,Q3N#1
2_49_17,Q3N#1
3_45_170,Q3N#1
1_49_70,Q3N#1
3_12_21,Q3N#1
2_46_108,Q3N#1
4_36_37,Q3N#1
1_39_111,Q3N#1
4_14_79,Q3N#1
2_25_112,Q3N#1
2_8_174,Q3N#1
3_37_179,Q3N#1
3_41_149,Q3N#1
2_36_166,Q3N#1
2_19_47,Q3N#1
1_12_164,Q3N#1
4_38_42,Q3N#1
3_22_74,Q3N#1
3_34_48,Q3N#1
3_20_132,Q3N#1
2_50_96,Q3N#1
2_15_107,Q3N#1
2_46_191,Q3N#1
1_50_94,Q3N#1
2_34_9,Q3N#1
2_27_143,Q3N#1
1_32_21,Q3N#1
1_46_138,Q3N#1
1_47_92,Q3N#1
1_48_36,Q3N#1
2_46_177,Q3N#1
4_25_185,Q3N#1
4_26_60,Q3N#1
4_46_136,Q3N#1
2_34_131,Q3N#1
2_24_94,Q3N#1
3_22_136,Q3N#1
3_11_133,Q3N#1
2_19_22,Q3N#1
1_37_129,Q3N#1
3_33_152,Q3N#1
3_23_191,Q3N#1
1_22_41,Q3N#1
4_9_197,Q3N#1
4_8_100,Q3N#1
3_24_122,Q3N#1
3_8_99,Q3N#1
3_7_76,Q3N#1
1_17_92,Q3N#1
4_4_111,Q3N#1
1_37_106,Q3N#1
2_9_124,Q3N#1
4_6_96,Q3N#1
1_34_167,Q3N#1
2_21_18,Q3N#1
1_5_42,Q3N#1
1_16_119,Q3N#1
2_25_82,Q3N#1
2_33_64,Q3N#1
1_26_34,Q3N#1
4_4_164,Q3N#1
4_8_44,Q3N#1
2_47_182,Q3N#1
2_25_131,Q3N#1
2_22_183,Q3N#1
3_31_158,Q3N#1
1_25_123,Q3N#1
2_17_66,Q3N#1
4_39_14,Q3N#1
1_21_81,Q3N#1
4_18_105,Q3N#1
2_42_14,Q3N#1
2_12_65,Q3N#1
1_36_130,Q3N#1
4_32_129,Q3N#1
3_27_191,Q3N#1
1_30_107,Q3N#1
4_47_78,Q3N#1
3_48_75,Q3N#1
2_37_161,Q3N#1
2_20_135,Q3N#1
2_13_144,Q3N#1
2_43_157,Q3N#1
4_40_65,Q3N#1
2_37_188,Q3N#1
3_45_9,Q3N#1
1_23_174,Q3N#1
1_30_140,Q3N#1
2_35_193,Q3N#1
4_1_67,Q3N#1
3_40_170,Q3N#1
4_46_50,Q3N#1
4_1_199,Q3N#1
3_29_109,Q3N#1
3_22_50,Q3N#1
3_37_87,Q3N#1
4_28_175,Q3N#1
1_47_167,Q3N#1
2_49_55,Q3N#1
1_33_18,Q3N#1
1_43_47,Q3N#1
3_36_66,Q3N#1
2_6_89,Q3N#1
4_12_155,Q3N#1
1_22_179,Q3N#1
1_50_184,Q3N#1
3_49_83,Q3N#1
1_22_78,Q3N#1
1_21_125,Q3N#1
3_43_172,Q3N#1
1_8_190,Q3N#1
2_25_106,Q3N#1
2_24_132,Q3N#1
4_37_123,Q3N#1
4_2_41,Q3N#1
1_36_177,Q3N#1
3_11_94,Q3N#1
1_18_111,Q3N#1
4_48_96,Q3N#1
1_31_130,Q3N#1
1_44_123,Q3N#1
1_39_165,Q3N#1
4_13_84,Q3N#1
2_35_30,Q3N#1
2_39_94,Q3N#1
2_18_156,Q3N#1
1_33_128,Q3N#1
2_22_77,Q3N#1
2_5_52,Q3N#1
3_12_96,Q3N#1
1_9_173,Q3N#1
3_38_166,Q3N#1
3_39_174,Q3N#1
3_22_0,Q3N#1
3_39_132,Q3N#1
4_24_57,Q3N#1
1_32_0,Q3N#1
2_29_129,Q3N#1
4_3_4,Q3N#1
2_2_45,Q3N#1
1_8_126,Q3N#1
4_21_152,Q3N#1
1_31_47,Q3N#1
1_45_49,Q3N#1
4_40_2,Q3N#1
2_9_144,Q3N#1
2_37_26,Q3N#1
4_4_104,Q3N#1
3_3_26,Q3N#1
3_31_192,Q3N#1
2_48_79,Q3N#1
4_49_134,Q3N#1
1_41_78,Q3N#1
1_9_164,Q3N#1
1_26_119,Q3N#1
3_47_100,Q3N#1
1_32_61,Q3N#1
4_25_95,Q3N#1
2_5_141,Q3N#1
3_6_194,Q3N#1
4_18_88,Q3N#1
3_45_69,Q3N#1
1_21_53,Q3N#1
4_39_103,Q3N#1
1_34_41,Q3N#1
4_3_34,Q3N#1
4_21_199,Q3N#1
3_9_131,Q3N#1
3_18_172,Q3N#1
3_31_41,Q3N#1
1_40_17,Q3N#1
1_38_60,Q3N#1
3_29_127,Q3N#1
4_37_165,Q3N#1
4_17_90,Q3N#1
2_30_70,Q3N#1
4_13_49,Q3N#1
3_43_70,Q3N#1
1_26_134,Q3N#1
1_38_116,Q3N#1
1_43_42,Q3N#1
1_42_124,Q3N#1
1_5_105,Q3N#1
4_17_21,Q3N#1
3_30_92,Q3N#1
2_10_76,Q3N#1
2_38_47,Q3N#1
2_12_136,Q3N#1
1_11_125,Q3N#1
1_37_180,Q3N#1
2_30_185,Q3N#1
1_31_187,Q3N#1
3_32_169,Q3N#1
2_21_168,Q3N#1
1_34_162,Q3N#1
4_34_26,Q3N#1
1_11_184,Q3N#1
2_27_162,Q3N#1
1_27_19,Q3N#1
1_27_121,Q3N#1
2_3_170,Q3N#1
2_33_67,Q3N#1
3_21_97,Q3N#1
1_27_133,Q3N#1
4_35_21,Q3N#1
2_49_97,Q3N#1
1_48_106,Q3N#1
1_29_174,Q3N#1
2_48_178,Q3N#1
2_27_83,Q3N#1
1_31_54,Q3N#1
2_8_181,Q3N#1
3_11_28,Q3N#1
1_16_83,Q3N#1
4_40_112,Q3N#1
4_35_65,Q3N#1
2_24_75,Q3N#1
3_44_196,Q3N#1
4_12_73,Q3N#1
3_12_46,Q3N#1
4_42_13,Q3N#1
4_4_190,Q3N#1
3_40_8,Q3N#1
3_28_54,Q3N#1
4_41_82,Q3N#1
2_36_47,Q3N#1
2_21_97,Q3N#1
3_32_29,Q3N#1
1_14_181,Q3N#1
3_5_142,Q3N#1
3_2_148,Q3N#1
3_16_198,Q3N#1
3_24_96,Q3N#1
1_11_172,Q3N#1
3_40_145,Q3N#1
3_31_0,Q3N#1
3_16_58,Q3N#1
2_15_105,Q3N#1
4_25_44,Q3N#1
2_44_56,Q3N#1
1_47_116,Q3N#1
3_16_55,Q3N#1
2_30_29,Q3N#1
1_6_47,Q3N#1
3_47_138,Q3N#1
3_49_155,Q3N#1
1_12_19,Q3N#1
3_32_123,Q3N#1
1_1_127,Q3N#1
2_8_151,Q3N#1
3_15_94,Q3N#1
3_31_109,Q3N#1
4_2_11,Q3N#1
3_16_51,Q3N#1
4_3_77,Q3N#1
1_6_73,Q3N#1
1_48_1,Q3N#1
4_18_137,Q3N#1
3_39_33,Q3N#1
2_34_51,Q3N#1
1_28_184,Q3N#1
1_35_103,Q3N#1
2_14_169,Q3N#1
2_12_138,Q3N#1
2_45_21,Q3N#1
1_27_87,Q3N#1
3_23_183,Q3N#1
4_47_110,Q3N#1
3_35_27,Q3N#1
4_23_83,Q3N#1
4_42_146,Q3N#1
4_10_98,Q3N#1
3_42_99,Q3N#1
4_32_73,Q3N#1
4_9_143,Q3N#1
4_28_45,Q3N#1
1_35_64,Q3N#1
2_31_124,Q3N#1
3_22_63,Q3N#1
4_45_109,Q3N#1
4_16_65,Q3N#1
4_5_128,Q3N#1
2_12_92,Q3N#1
2_8_2,Q3N#1
2_47_152,Q3N#1
4_42_10,Q3N#1
3_22_71,Q3N#1
2_9_13,Q3N#1
4_44_12,Q3N#1
3_7_190,Q3N#1
3_47_158,Q3N#1
2_9_54,Q3N#1
2_14_71,Q3N#1
2_8_110,Q3N#1
1_18_121,Q3N#1
1_35_27,Q3N#1
2_40_175,Q3N#1
3_9_102,Q3N#1
4_32_95,Q3N#1
2_17_21,Q3N#1
3_49_6,Q3N#1
1_34_186,Q3N#1
4_1_39,Q3N#1
2_8_71,Q3N#1
4_46_166,Q3N#1
3_2_61,Q3N#1
3_16_197,Q3N#1
2_18_0,Q3N#1
2_5_176,Q3N#1
3_30_4,Q3N#1
2_24_194,Q3N#1
4_11_155,Q3N#1
2_39_105,Q3N#1
3_23_8,Q3N#1
3_29_69,Q3N#1
3_22_15,Q3N#1
3_3_18,Q3N#1
1_42_61,Q3N#1
4_1_198,Q3N#1
1_25_120,Q3N#1
3_43_6,Q3N#1
3_20_112,Q3N#1
1_12_196,Q3N#1
2_31_50,Q3N#1
2_44_5,Q3N#1
3_2_102,Q3N#1
3_22_169,Q3N#1
3_49_174,Q3N#1
4_11_60,Q3N#1
1_46_152,Q3N#1
1_23_38,Q3N#1
4_47_32,Q3N#1
4_33_43,Q3N#1
3_20_109,Q3N#1
2_42_37,Q3N#1
1_4_35,Q3N#1
2_42_116,Q3N#1
4_13_63,Q3N#1
2_4_74,Q3N#1
3_14_39,Q3N#1
1_6_20,Q3N#1
2_41_199,Q3N#1
4_42_87,Q3N#1
1_42_3,Q3N#1
3_1_187,Q3N#1
4_14_102,Q3N#1
3_16_150,Q3N#1
1_33_167,Q3N#1
1_26_47,Q3N#1
1_47_187,Q3N#1
2_45_185,Q3N#1
3_45_190,Q3N#1
2_42_75,Q3N#1
3_22_2,Q3N#1
2_35_176,Q3N#1
2_16_34,Q3N#1
3_49_100,Q3N#1
2_50_88,Q3N#1
2_24_126,Q3N#1
2_39_46,Q3N#1
4_28_32,Q3N#1
2_11_49,Q3N#1
4_42_19,Q3N#1
4_32_96,Q3N#1
1_37_139,Q3N#1
3_10_150,Q3N#1
1_3_68,Q3N#1
4_8_169,Q3N#1
1_22_175,Q3N#1
3_31_47,Q3N#1
1_6_44,Q3N#1
2_18_178,Q3N#1
4_32_28,Q3N#1
3_20_86,Q3N#1
2_18_49,Q3N#1
1_15_187,Q3N#1
3_50_115,Q3N#1
3_29_195,Q3N#1
3_1_20,Q3N#1
3_26_24,Q3N#1
1_24_150,Q3N#1
2_48_48,Q3N#1
2_41_172,Q3N#1
1_48_90,Q3N#1
4_8_164,Q3N#1
2_27_72,Q3N#1
2_5_90,Q3N#1
3_29_17,Q3N#1
3_1_11,Q3N#1
2_17_166,Q3N#1
1_35_122,Q3N#1
1_28_142,Q3N#1
3_35_191,Q3N#1
4_3_54,Q3N#1
2_41_32,Q3N#1
2_29_69,Q3N#1
1_23_119,Q3N#1
2_19_83,Q3N#1
1_9_185,Q3N#1
3_48_42,Q3N#1
2_34_90,Q3N#1
1_40_15,Q3N#1
2_13_8,Q3N#1
3_11_17,Q3N#1
2_2_22,Q3N#1
1_5_22,Q3N#1
3_9_193,Q3N#1
1_29_78,Q3N#1
1_24_68,Q3N#1
4_45_70,Q3N#1
3_50_89,Q3N#1
2_47_111,Q3N#1
2_20_132,Q3N#1
4_8_93,Q3N#1
1_5_85,Q3N#1
3_22_170,Q3N#1
2_23_30,Q3N#1
2_4_6,Q3N#1
2_2_146,Q3N#1
3_7_5,Q3N#1
3_11_149,Q3N#1
4_10_101,Q3N#1
3_44_185,Q3N#1
3_17_87,Q3N#1
3_29_174,Q3N#1
1_45_85,Q3N#1
3_43_180,Q3N#1
2_50_182,Q3N#1
4_5_77,Q3N#1
4_8_193,Q3N#1
3_49_195,Q3N#1
3_47_174,Q3N#1
4_10_42,Q3N#1
3_15_152,Q3N#1
3_50_18,Q3N#1
3_40_132,Q3N#1
2_40_137,Q3N#1
4_26_105,Q3N#1
2_21_65,Q3N#1
2_41_85,Q3N#1
1_48_80,Q3N#1
3_24_93,Q3N#1
2_23_4,Q3N#1
2_18_98,Q3N#1
1_34_157,Q3N#1
3_15_119,Q3N#1
3_26_169,Q3N#1
2_16_116,Q3N#1
1_14_51,Q3N#1
1_10_183,Q3N#1
2_43_138,Q3N#1
1_4_102,Q3N#1
3_10_62,Q3N#1
4_3_10,Q3N#1
2_22_107,Q3N#1
2_22_74,Q3N#1
3_17_188,Q3N#1
2_8_7,Q3N#1
1_22_187,Q3N#1
2_42_183,Q3N#1
2_10_118,Q3N#1
3_17_25,Q3N#1
4_26_192,Q3N#1
3_34_199,Q3N#1
2_10_117,Q3N#1
2_34_81,Q3N#1
4_9_71,Q3N#1
3_18_53,Q3N#1
4_39_26,Q3N#1
4_9_187,Q3N#1
4_29_0,Q3N#1
2_2_59,Q3N#1
1_31_63,Q3N#1
2_30_167,Q3N#1
2_18_199,Q3N#1
1_2_188,Q3N#1
4_3_150,Q3N#1
1_38_29,Q3N#1
2_37_152,Q3N#1
1_3_198,Q3N#1
1_1_59,Q3N#1
1_25_173,Q3N#1
3_1_69,Q3N#1
1_42_100,Q3N#1
4_29_20,Q3N#1
4_18_0,Q3N#1
1_27_88,Q3N#1
2_34_185,Q3N#1
3_30_153,Q3N#1
2_22_194,Q3N#1
1_22_40,Q3N#1
4_40_69,Q3N#1
4_16_163,Q3N#1
4_44_170,Q3N#1
2_26_158,Q3N#1
4_50_50,Q3N#1
2_39_106,Q3N#1
2_50_150,Q3N#1
2_50_193,Q3N#1
4_5_23,Q3N#1
1_22_122,Q3N#1
2_38_155,Q3N#1
2_28_163,Q3N#1
2_28_188,Q3N#1
2_50_99,Q3N#1
1_23_16,Q3N#1
1_13_62,Q3N#1
1_8_196,Q3N#1
2_22_186,Q3N#1
2_49_81,Q3N#1
1_30_191,Q3N#1
1_39_59,Q3N#1
3_15_43,Q3N#1
3_6_40,Q3N#1
3_47_102,Q3N#1
4_38_93,Q3N#1
1_45_150,Q3N#1
2_50_45,Q3N#1
2_28_81,Q3N#1
1_44_116,Q3N#1
2_49_197,Q3N#1
1_27_28,Q3N#1
3_50_168,Q3N#1
3_9_60,Q3N#1
4_29_26,Q3N#1
1_8_55,Q3N#1
1_46_21,Q3N#1
4_10_80,Q3N#1
4_48_71,Q3N#1
1_11_104,Q3N#1
2_45_8,Q3N#1
2_33_141,Q3N#1
4_43_19,Q3N#1
4_18_111,Q3N#1
2_23_135,Q3N#1
4_9_17,Q3N#1
1_10_122,Q3N#1
1_38_106,Q3N#1
4_19_19,Q3N#1
4_35_85,Q3N#1
4_19_136,Q3N#1
4_17_92,Q3N#1
2_38_68,Q3N#1
3_30_68,Q3N#1
4_20_116,Q3N#1
2_28_40,Q3N#1
3_29_48,Q3N#1
3_23_190,Q3N#1
1_26_185,Q3N#1
4_22_183,Q3N#1
1_10_3,Q3N#1
4_20_83,Q3N#1
3_2_132,Q3N#1
2_49_152,Q3N#1
2_22_127,Q3N#1
2_5_124,Q3N#1
1_45_75,Q3N#1
1_26_70,Q3N#1
4_22_141,Q3N#1
1_34_158,Q3N#1
3_32_151,Q3N#1
4_49_107,Q3N#1
2_48_66,Q3N#1
4_35_132,Q3N#1
2_6_153,Q3N#1
2_1_42,Q3N#1
2_43_56,Q3N#1
3_33_185,Q3N#1
1_25_188,Q3N#1
4_45_9,Q3N#1
2_44_164,Q3N#1
1_44_73,Q3N#1
2_11_33,Q3N#1
4_46_51,Q3N#1
4_39_68,Q3N#1
1_1_161,Q3N#1
2_33_101,Q3N#1
4_31_41,Q3N#1
4_35_84,Q3N#1
2_11_99,Q3N#1
3_7_88,Q3N#1
4_33_122,Q3N#1
4_42_161,Q3N#1
2_50_108,Q3N#1
2_13_62,Q3N#1
1_40_107,Q3N#1
1_13_44,Q3N#1
1_21_134,Q3N#1
4_14_154,Q3N#1
3_32_52,Q3N#1
3_25_40,Q3N#1
2_33_57,Q3N#1
2_7_173,Q3N#1
1_10_115,Q3N#1
1_39_139,Q3N#1
4_35_90,Q3N#1
2_22_40,Q3N#1
3_8_147,Q3N#1
4_34_111,Q3N#1
1_40_25,Q3N#1
4_45_68,Q3N#1
4_1_167,Q3N#1
3_7_32,Q3N#1
4_3_62,Q3N#1
3_27_40,Q3N#1
2_14_170,Q3N#1
4_9_15,Q3N#1
4_17_170,Q3N#1
2_1_24,Q3N#1
3_45_158,Q3N#1
4_12_195,Q3N#1
4_42_191,Q3N#1
1_3_21,Q3N#1
4_10_93,Q3N#1
3_35_37,Q3N#1
3_37_82,Q3N#1
1_22_139,Q3N#1
4_41_49,Q3N#1
4_40_0,Q3N#1
1_43_26,Q3N#1
3_26_136,Q3N#1
3_13_5,Q3N#1
3_17_79,Q3N#1
4_34_127,Q3N#1
1_41_45,Q3N#1
3_33_145,Q3N#1
3_27_4,Q3N#1
3_44_46,Q3N#1
3_32_40,Q3N#1
3_29_105,Q3N#1
4_32_3,Q3N#1
1_45_136,Q3N#1
2_47_167,Q3N#1
1_35_69,Q3N#1
1_43_109,Q3N#1
3_27_179,Q3N#1
4_4_196,Q3N#1
4_29_28,Q3N#1
2_41_33,Q3N#1
3_47_75,Q3N#1
1_16_76,Q3N#1
1_10_133,Q3N#1
2_37_10,Q3N#1
1_38_176,Q3N#1
3_34_23,Q3N#1
2_41_126,Q3N#1
3_12_193,Q3N#2
3_48_0,Q3N#2
2_11_163,Q3N#2
3_18_198,Q3N#2
1_41_149,Q3N#2
2_15_120,Q3N#2
4_10_142,Q3N#2
2_43_141,Q3N#2
2_20_97,Q3N#2
2_14_50,Q3N#2
1_43_34,Q3N#2
2_10_99,Q3N#2
4_5_192,Q3N#2
4_5_15,Q3N#2
4_35_48,Q3N#2
4_44_197,Q3N#2
4_17_60,Q3N#2
3_45_62,Q3N#2
3_14_155,Q3N#2
3_22_196,Q3N#2
1_2_117,Q3N#2
4_33_10,Q3N#2
4_11_159,Q3N#2
1_3_10,Q3N#2
4_44_7,Q3N#2
2_5_127,Q3N#2
2_24_0,Q3N#2
4_11_138,Q3N#2
4_18_45,Q3N#2
1_18_101,Q3N#2
2_29_67,Q3N#2
2_25_31,Q3N#2
3_37_166,Q3N#2
3_22_199,Q3N#2
1_18_43,Q3N#2
2_50_83,Q3N#2
3_4_34,Q3N#2
4_13_121,Q3N#2
3_34_51,Q3N#2
2_24_134,Q3N#2
3_2_159,Q3N#2
3_18_43,Q3N#2
1_9_152,Q3N#2
4_49_118,Q3N#2
1_42_127,Q3N#2
1_47_176,Q3N#2
1_24_138,Q3N#2
2_12_77,Q3N#2
4_12_93,Q3N#2
4_17_168,Q3N#2
4_36_185,Q3N#2
3_40_152,Q3N#2
4_30_28,Q3N#2
2_2_184,Q3N#2
1_31_36,Q3N#2
2_21_61,Q3N#2
2_43_48,Q3N#2
2_2_114,Q3N#2
1_1_37,Q3N#2
2_34_182,Q3N#2
2_41_9,Q3N#2
1_36_116,Q3N#2
4_38_46,Q3N#2
3_6_126,Q3N#2
4_45_131,Q3N#2
3_11_140,Q3N#2
1_39_158,Q3N#2
2_11_10,Q3N#2
4_1_51,Q3N#2
1_1_68,Q3N#2
3_5_183,Q3N#2
4_28_171,Q3N#2
2_18_20,Q3N#2
1_29_27,Q3N#2
4_37_121,Q3N#2
1_15_12,Q3N#2
2_15_8,Q3N#2
1_6_22,Q3N#2
1_33_56,Q3N#2
4_7_130,Q3N#2
1_2_105,Q3N#2
1_14_190,Q3N#2
2_18_6,Q3N#2
4_5_100,Q3N#2
3_17_27,Q3N#2
1_22_67,Q3N#2
4_7_169,Q3N#2
3_8_157,Q3N#2
4_47_161,Q3N#2
1_37_155,Q3N#2
2_26_185,Q3N#2
4_48_167,Q3N#2
2_35_194,Q3N#2
2_32_167,Q3N#2
3_23_135,Q3N#2
1_10_149,Q3N#2
4_16_110,Q3N#2
2_12_39,Q3N#2
3_47_26,Q3N#2
3_17_171,Q3N#2
1_34_159,Q3N#2
3_36_196,Q3N#2
2_16_84,Q3N#2
4_39_22,Q3N#2
1_49_90,Q3N#2
4_23_144,Q3N#2
2_41_127,Q3N#2
1_34_71,Q3N#2
1_21_100,Q3N#2
4_2_179,Q3N#2
1_1_81,Q3N#2
4_44_108,Q3N#2
3_37_73,Q3N#2
1_17_109,Q3N#2
3_8_197,Q3N#2
1_39_132,Q3N#2
3_31_155,Q3N#2
4_11_140,Q3N#2
4_3_146,Q3N#2
4_49_63,Q3N#2
4_25_21,Q3N#2
2_46_65,Q3N#2
2_33_82,Q3N#2
4_48_164,Q3N#2
1_25_166,Q3N#2
2_43_66,Q3N#2
3_2_36,Q3N#2
1_16_168,Q3N#2
2_15_170,Q3N#2
3_5_1,Q3N#2
1_3_103,Q3N#2
3_23_118,Q3N#2
4_18_172,Q3N#2
1_35_68,Q3N#2
4_1_147,Q3N#2
3_37_83,Q3N#2
3_36_145,Q3N#2
4_28_66,Q3N#2
2_18_128,Q3N#2
2_36_112,Q3N#2
2_10_90,Q3N#2
1_19_56,Q3N#2
4_43_49,Q3N#2
4_45_45,Q3N#2
2_7_78,Q3N#2
1_45_29,Q3N#2
3_21_185,Q3N#2
4_28_76,Q3N#2
4_13_59,Q3N#2
1_21_65,Q3N#2
4_25_141,Q3N#2
3_47_135,Q3N#2
2_2_138,Q3N#2
4_5_199,Q3N#2
3_50_135,Q3N#2
2_35_169,Q3N#2
1_4_195,Q3N#2
2_13_115,Q3N#2
3_20_39,Q3N#2
4_41_37,Q3N#2
2_42_179,Q3N#2
2_43_190,Q3N#2
1_45_67,Q3N#2
3_19_19,Q3N#2
2_42_46,Q3N#2
1_2_111,Q3N#2
2_9_129,Q3N#2
3_30_67,Q3N#2
3_3_198,Q3N#2
3_3_131,Q3N#2
4_35_66,Q3N#2
2_42_17,Q3N#2
1_5_199,Q3N#2
3_21_53,Q3N#2
4_41_85,Q3N#2
2_45_118,Q3N#2
2_47_116,Q3N#2
3_46_151,Q3N#2
2_46_79,Q3N#2
1_36_82,Q3N#2
3_40_159,Q3N#2
3_15_31,Q3N#2
1_37_178,Q3N#2
1_2_17,Q3N#2
1_20_43,Q3N#2
2_5_166,Q3N#2
3_50_61,Q3N#2
2_38_17,Q3N#2
3_7_154,Q3N#2
2_50_86,Q3N#2
3_37_178,Q3N#2
2_44_34,Q3N#2
4_1_69,Q3N#2
1_8_15,Q3N#2
2_13_18,Q3N#2
2_16_14,Q3N#2
1_1_31,Q3N#2
1_29_58,Q3N#2
4_16_77,Q3N#2
2_28_85,Q3N#2
2_47_108,Q3N#2
4_6_191,Q3N#2
3_20_144,Q3N#2
1_10_124,Q3N#2
1_37_134,Q3N#2
2_32_152,Q3N#2
3_32_148,Q3N#2
2_22_15,Q3N#2
3_50_50,Q3N#2
4_49_148,Q3N#2
1_44_126,Q3N#2
4_27_157,Q3N#2
3_3_43,Q3N#2
2_28_42,Q3N#2
1_1_178,Q3N#2
2_22_132,Q3N#2
2_5_12,Q3N#2
3_36_163,Q3N#2
1_8_159,Q3N#2
2_48_171,Q3N#2
1_18_4,Q3N#2
4_22_67,Q3N#2
2_35_168,Q3N#2
3_21_137,Q3N#2
2_1_52,Q3N#2
1_33_39,Q3N#2
1_37_157,Q3N#2
2_14_66,Q3N#2
1_4_121,Q3N#2
4_20_66,Q3N#2
4_37_128,Q3N#2
2_1_84,Q3N#2
4_19_121,Q3N#2
3_24_1,Q3N#2
3_13_125,Q3N#2
3_17_196,Q3N#2
1_39_129,Q3N#2
3_28_140,Q3N#2
1_31_117,Q3N#2
4_4_151,Q3N#2
4_33_30,Q3N#2
3_5_197,Q3N#2
4_35_64,Q3N#2
2_40_164,Q3N#2
1_3_0,Q3N#2
4_9_166,Q3N#2
3_18_30,Q3N#2
2_43_43,Q3N#2
1_22_185,Q3N#2
2_36_62,Q3N#2
3_9_123,Q3N#2
3_49_172,Q3N#2
2_37_131,Q3N#2
1_45_179,Q3N#2
1_16_186,Q3N#2
3_5_99,Q3N#2
3_13_44,Q3N#2
1_44_157,Q3N#2
3_31_181,Q3N#2
4_40_133,Q3N#2
4_7_150,Q3N#2
2_45_35,Q3N#2
4_38_72,Q3N#2
1_15_76,Q3N#2
1_5_51,Q3N#2
3_10_54,Q3N#2
3_47_94,Q3N#2
1_38_90,Q3N#2
4_22_144,Q3N#2
3_25_78,Q3N#2
3_25_53,Q3N#2
4_12_169,Q3N#2
1_50_83,Q3N#2
1_47_179,Q3N#2
4_34_29,Q3N#2
3_31_147,Q3N#2
3_50_107,Q3N#2
4_30_101,Q3N#2
4_48_173,Q3N#2
1_12_184,Q3N#2
2_5_197,Q3N#2
3_33_110,Q3N#2
1_8_114,Q3N#2
3_37_116,Q3N#2
3_13_73,Q3N#2
1_9_73,Q3N#2
4_14_193,Q3N#2
4_10_85,Q3N#2
3_12_74,Q3N#2
2_45_128,Q3N#2
4_28_148,Q3N#2
1_5_108,Q3N#2
2_28_55,Q3N#2
4_45_52,Q3N#2
3_45_146,Q3N#2
4_10_188,Q3N#2
4_12_54,Q3N#2
3_15_174,Q3N#2
4_23_49,Q3N#2
3_41_89,Q3N#2
1_42_74,Q3N#2
3_35_62,Q3N#2
4_33_45,Q3N#2
1_19_179,Q3N#2
4_50_167,Q3N#2
2_45_81,Q3N#2
3_46_16,Q3N#2
3_41_119,Q3N#2
3_23_114,Q3N#2
2_17_178,Q3N#2
4_38_45,Q3N#2
4_49_17,Q3N#2
4_42_106,Q3N#2
1_40_161,Q3N#2
2_23_29,Q3N#2
3_22_106,Q3N#2
4_19_66,Q3N#2
2_26_198,Q3N#2
2_38_27,Q3N#2
2_23_152,Q3N#2
1_49_26,Q3N#2
3_14_163,Q3N#2
3_35_167,Q3N#2
4_29_139,Q3N#2
2_37_21,Q3N#2
2_23_42,Q3N#2
1_18_29,Q3N#2
1_8_35,Q3N#2
4_41_57,Q3N#2
2_41_71,Q3N#2
3_24_105,Q3N#2
2_26_134,Q3N#2
4_34_17,Q3N#2
1_20_129,Q3N#2
4_49_186,Q3N#2
1_21_39,Q3N#2
1_20_78,Q3N#2
4_6_18,Q3N#2
1_7_79,Q3N#2
2_4_70,Q3N#2
2_44_12,Q3N#2
1_9_78,Q3N#2
1_26_160,Q3N#2
3_19_193,Q3N#2
3_26_133,Q3N#2
1_50_168,Q3N#2
3_2_6,Q3N#2
4_45_163,Q3N#2
4_14_24,Q3N#2
3_48_87,Q3N#2
2_29_187,Q3N#2
3_37_69,Q3N#2
1_19_197,Q3N#2
3_5_67,Q3N#2
1_16_169,Q3N#2
2_39_177,Q3N#2
4_49_164,Q3N#2
3_27_67,Q3N#2
4_35_112,Q3N#2
3_2_33,Q3N#2
4_48_109,Q3N#2
2_26_179,Q3N#2
4_24_144,Q3N#2
4_5_143,Q3N#2
1_37_99,Q3N#2
1_30_145,Q3N#2
1_50_199,Q3N#2
2_48_30,Q3N#2
1_48_117,Q3N#2
1_20_155,Q3N#2
1_40_177,Q3N#2
2_11_71,Q3N#2
2_44_146,Q3N#2
2_33_14,Q3N#2
4_17_80,Q3N#2
1_49_152,Q3N#2
1_1_90,Q3N#2
3_3_197,Q3N#2
2_34_148,Q3N#2
2_23_146,Q3N#2
1_32_62,Q3N#2
4_4_182,Q3N#2
1_14_125,Q3N#2
4_25_164,Q3N#2
3_27_34,Q3N#2
3_40_55,Q3N#2
1_30_85,Q3N#2
3_38_3,Q3N#2
2_35_10,Q3N#2
4_23_63,Q3N#2
1_10_156,Q3N#2
3_42_122,Q3N#2
2_46_99,Q3N#2
4_17_4,Q3N#2
1_13_24,Q3N#2
1_46_9,Q3N#2
1_9_15,Q3N#2
4_14_8,Q3N#2
4_30_117,Q3N#2
1_4_137,Q3N#2
3_22_87,Q3N#2
2_2_166,Q3N#2
1_14_65,Q3N#2
4_34_27,Q3N#2
2_21_46,Q3N#2
1_4_29,Q3N#2
3_15_13,Q3N#2
2_7_48,Q3N#2
2_2_177,Q3N#2
2_22_195,Q3N#2
2_40_117,Q3N#2
2_20_169,Q3N#2
3_27_162,Q3N#2
1_33_157,Q3N#2
2_40_36,Q3N#2
3_7_109,Q3N#2
2_17_57,Q3N#2
1_13_52,Q3N#2
1_38_48,Q3N#2
2_43_150,Q3N#2
2_18_185,Q3N#2
1_3_191,Q3N#2
2_12_168,Q3N#2
2_45_167,Q3N#2
3_2_160,Q3N#2
2_7_153,Q3N#2
2_21_149,Q3N#2
2_11_110,Q3N#2
3_11_162,Q3N#2
3_12_116,Q3N#2
2_1_187,Q3N#2
4_37_76,Q3N#2
3_41_63,Q3N#2
2_27_97,Q3N#2
4_44_46,Q3N#2
3_2_52,Q3N#2
3_27_69,Q3N#2
2_6_169,Q3N#2
4_38_116,Q3N#2
4_26_114,Q3N#2
2_16_138,Q3N#2
1_42_105,Q3N#2
4_14_9,Q3N#2
1_17_69,Q3N#2
4_42_169,Q3N#2
4_31_15,Q3N#2
3_11_99,Q3N#2
4_29_33,Q3N#2
1_47_72,Q3N#2
4_37_74,Q3N#2
4_40_145,Q3N#2
3_18_161,Q3N#2
1_39_153,Q3N#2
3_39_158,Q3N#2
4_14_25,Q3N#2
4_42_8,Q3N#2
3_41_49,Q3N#2
2_21_121,Q3N#2
1_39_46,Q3N#2
1_38_91,Q3N#2
1_44_78,Q3N#2
3_7_188,Q3N#2
3_38_156,Q3N#2
4_8_138,Q3N#2
2_38_128,Q3N#2
4_25_19,Q3N#2
4_1_150,Q3N#2
2_37_114,Q3N#2
4_48_94,Q3N#2
4_17_0,Q3N#2
2_47_70,Q3N#2
2_2_122,Q3N#2
1_26_82,Q3N#2
3_31_113,Q3N#2
2_32_148,Q3N#2
4_5_101,Q3N#2
2_10_146,Q3N#2
1_18_112,Q3N#2
3_29_136,Q3N#2
1_36_36,Q3N#2
4_25_139,Q3N#2
1_29_70,Q3N#2
3_39_191,Q3N#2
3_31_99,Q3N#2
3_13_85,Q3N#2
1_13_182,Q3N#2
2_7_133,Q3N#2
2_26_17,Q3N#2
1_14_34,Q3N#2
4_8_195,Q3N#2
3_9_67,Q3N#2
4_7_119,Q3N#2
3_40_178,Q3N#2
1_15_6,Q3N#2
4_21_33,Q3N#2
3_24_169,Q3N#2
2_46_86,Q3N#2
4_22_54,Q3N#2
4_9_1,Q3N#2
1_43_120,Q3N#2
3_29_111,Q3N#2
1_34_125,Q3N#2
2_40_67,Q3N#2
1_14_124,Q3N#2
2_33_195,Q3N#2
2_27_5,Q3N#2
1_24_59,Q3N#2
3_37_93,Q3N#2
2_37_105,Q3N#2
3_7_112,Q3N#2
1_8_80,Q3N#2
2_16_75,Q3N#2
3_18_95,Q3N#2
3_50_159,Q3N#2
1_45_77,Q3N#2
4_49_43,Q3N#2
3_27_43,Q3N#2
4_6_88,Q3N#2
4_16_153,Q3N#2
2_9_56,Q3N#2
2_23_162,Q3N#2
4_10_197,Q3N#2
3_49_102,Q3N#2
2_24_29,Q3N#2
3_8_77,Q3N#2
2_50_79,Q3N#2
2_27_134,Q3N#2
4_36_56,Q3N#2
3_4_80,Q3N#2
4_14_151,Q3N#2
3_39_51,Q3N#2
3_18_14,Q3N#2
3_42_14,Q3N#2
3_1_87,Q3N#2
3_5_87,Q3N#2
3_14_9,Q3N#2
4_48_29,Q3N#2
4_42_103,Q3N#2
3_44_24,Q3N#2
1_16_84,Q3N#2
4_17_45,Q3N#2
1_30_6,Q3N#2
3_38_59,Q3N#2
2_12_35,Q3N#2
4_48_15,Q3N#2
1_15_43,Q3N#2
4_2_39,Q3N#2
1_18_141,Q3N#2
3_41_90,Q3N#2
3_11_165,Q3N#2
2_45_133,Q3N#2
1_35_185,Q3N#2
2_20_76,Q3N#2
4_29_5,Q3N#2
3_15_74,Q3N#2
3_4_121,Q3N#2
2_12_139,Q3N#2
1_39_95,Q3N#2
2_49_23,Q3N#2
2_27_75,Q3N#2
1_18_85,Q3N#2
4_30_169,Q3N#2
2_29_85,Q3N#2
2_35_19,Q3N#2
4_39_117,Q3N#2
3_2_83,Q3N#2
1_11_81,Q3N#2
4_1_136,Q3N#2
2_36_40,Q3N#2
3_45_45,Q3N#2
2_34_29,Q3N#2
4_4_115,Q3N#2
4_39_121,Q3N#2
2_11_15,Q3N#2
2_7_180,Q3N#2
4_25_159,Q3N#2
3_14_144,Q3N#2
4_40_7,Q3N#2
4_49_123,Q3N#2
3_6_109,Q3N#2
2_37_51,Q3N#2
2_46_125,Q3N#2
4_24_143,Q3N#2
2_32_120,Q3N#2
2_16_76,Q3N#2
2_41_191,Q3N#2
2_17_38,Q3N#2
2_9_87,Q3N#2
2_46_150,Q3N#2
4_32_62,Q3N#2
1_41_95,Q3N#2
1_8_164,Q3N#2
1_12_50,Q3N#2
4_39_40,Q3N#2
1_31_176,Q3N#2
2_9_8,Q3N#2
2_19_24,Q3N#2
4_29_98,Q3N#2
2_20_122,Q3N#2
1_23_133,Q3N#2
3_26_67,Q3N#2
4_32_92,Q3N#2
3_36_97,Q3N#2
4_41_52,Q3N#2
4_32_189,Q3N#2
2_20_60,Q3N#2
1_44_103,Q3N#2
4_39_170,Q3N#2
2_35_137,Q3N#2
3_18_123,Q3N#2
2_49_122,Q3N#2
3_11_171,Q3N#2
1_45_91,Q3N#2
3_23_188,Q3N#2
3_6_26,Q3N#2
4_17_2,Q3N#2
4_1_153,Q3N#2
3_27_98,Q3N#2
2_50_84,Q3N#2
1_23_56,Q3N#2
3_46_85,Q3N#2
2_28_34,Q3N#2
1_14_48,Q3N#2
1_7_134,Q3N#2
4_35_148,Q3N#2
3_4_83,Q3N#2
3_22_78,Q3N#2
4_37_144,Q3N#2
2_20_93,Q3N#2
2_20_136,Q3N#2
3_25_14,Q3N#2
2_18_15,Q3N#2
3_36_70,Q3N#2
2_25_114,Q3N#2
3_45_123,Q3N#2
1_23_101,Q3N#2
3_49_62,Q3N#2
1_36_153,Q3N#2
4_19_77,Q3N#2
2_39_40,Q3N#2
1_44_64,Q3N#2
3_40_140,Q3N#2
1_34_49,Q3N#2
3_45_171,Q3N#2
4_35_183,Q3N#2
3_15_87,Q3N#2
4_23_199,Q3N#2
1_44_16,Q3N#2
3_45_13,Q3N#2
3_16_175,Q3N#2
3_32_10,Q3N#2
2_32_128,Q3N#2
4_19_138,Q3N#2
3_15_141,Q3N#2
4_21_196,Q3N#2
2_38_185,Q3N#2
1_34_46,Q3N#2
2_29_77,Q3N#2
1_32_50,Q3N#2
1_32_160,Q3N#2
4_4_85,Q3N#2
2_27_177,Q3N#2
3_27_111,Q3N#2
2_35_35,Q3N#2
2_42_106,Q3N#2
2_26_37,Q3N#2
3_12_26,Q3N#2
2_9_23,Q3N#2
3_50_57,Q3N#2
4_33_162,Q3N#2
3_23_55,Q3N#2
1_32_194,Q3N#2
1_7_123,Q3N#2
3_14_24,Q3N#2
1_39_23,Q3N#2
2_38_91,Q3N#2
4_12_30,Q3N#2
4_36_99,Q3N#2
3_33_42,Q3N#2
2_40_13,Q3N#2
3_24_183,Q3N#2
4_16_84,Q3N#2
4_29_67,Q3N#2
2_32_18,Q3N#2
4_38_64,Q3N#2
3_43_150,Q3N#2
1_35_55,Q3N#2
3_28_73,Q3N#2
2_36_148,Q3N#2
2_2_58,Q3N#2
1_10_137,Q3N#2
4_33_134,Q3N#2
1_11_195,Q3N#2
4_16_172,Q3N#2
3_31_14,Q3N#2
3_16_192,Q3N#2
1_27_53,Q3N#2
2_36_76,Q3N#2
3_27_97,Q3N#2
3_29_59,Q3N#2
2_32_42,Q3N#2
1_36_20,Q3N#2
3_16_70,Q3N#2
4_30_162,Q3N#2
3_44_139,Q3N#2
3_37_161,Q3N#2
1_9_187,Q3N#2
4_28_38,Q3N#2
1_29_94,Q3N#2
4_41_64,Q3N#2
2_44_169,Q3N#2
1_31_129,Q3N#2
2_45_46,Q3N#2
2_15_123,Q3N#2
3_24_176,Q3N#2
1_49_97,Q3N#2
2_30_190,Q3N#2
1_47_91,Q3N#2
1_13_188,Q3N#2
4_21_162,Q3N#2
1_32_100,Q3N#2
3_15_59,Q3N#2
4_10_25,Q3N#2
3_28_168,Q3N#2
2_28_158,Q3N#2
1_37_39,Q3N#2
1_40_74,Q3N#2
3_31_93,Q3N#2
1_13_144,Q3N#2
3_8_159,Q3N#2
4_19_32,Q3N#2
3_32_185,Q3N#2
1_35_86,Q3N#2
2_47_130,Q3N#2
2_38_51,Q3N#2
3_15_27,Q3N#2
4_33_92,Q3N#2
2_39_189,Q3N#2
4_50_64,Q3N#2
3_48_1,Q3N#2
1_40_113,Q3N#2
4_31_7,Q3N#2
1_19_1,Q3N#2
2_26_30,Q3N#2
1_28_20,Q3N#2
4_29_75,Q3N#2
4_15_120,Q3N#2
3_3_182,Q3N#2
3_2_122,Q3N#2
2_21_140,Q3N#2
2_4_174,Q3N#2
1_26_42,Q3N#2
2_36_193,Q3N#2
1_31_123,Q3N#2
3_28_76,Q3N#2
4_13_1,Q3N#2
1_10_16,Q3N#2
1_25_72,Q3N#2
4_36_91,Q3N#2
3_33_96,Q3N#2
4_30_125,Q3N#2
1_23_97,Q3N#2
1_25_35,Q3N#2
1_14_60,Q3N#2
4_14_177,Q3N#2
2_36_11,Q3N#2
2_33_5,Q3N#2
1_19_46,Q3N#2
1_19_158,Q3N#2
2_17_163,Q3N#2
4_11_184,Q3N#2
1_45_19,Q3N#2
2_19_56,Q3N#2
4_20_149,Q3N#2
3_23_95,Q3N#2
4_19_173,Q3N#2
4_9_69,Q3N#2
3_34_144,Q3N#2
3_2_26,Q3N#2
4_40_13,Q3N#2
3_13_156,Q3N#2
4_35_0,Q3N#2
2_17_186,Q3N#2
4_12_91,Q3N#2
2_24_191,Q3N#2
4_49_168,Q3N#2
4_40_139,Q3N#2
4_47_171,Q3N#2
3_20_28,Q3N#2
1_27_151,Q3N#2
2_37_139,Q3N#2
4_47_28,Q3N#2
3_48_57,Q3N#2
1_31_116,Q3N#2
4_32_128,Q3N#2
2_22_106,Q3N#2
1_40_18,Q3N#2
1_45_70,Q3N#2
4_37_147,Q3N#2
3_50_114,Q3N#2
4_32_142,Q3N#2
4_37_153,Q3N#2
1_36_70,Q3N#2
1_34_170,Q3N#2
3_35_178,Q3N#2
2_1_78,Q3N#2
3_30_110,Q3N#2
1_9_39,Q3N#2
3_19_4,Q3N#2
1_13_28,Q3N#2
2_17_168,Q3N#2
2_2_120,Q3N#2
4_45_148,Q3N#2
2_15_106,Q3N#2
1_21_172,Q3N#2
3_36_48,Q3N#2
3_22_5,Q3N#2
1_5_151,Q3N#2
4_17_99,Q3N#2
2_16_120,Q3N#2
1_39_81,Q3N#2
2_34_183,Q3N#2
4_13_168,Q3N#2
4_2_49,Q3N#2
2_39_99,Q3N#2
1_12_144,Q3N#2
1_31_75,Q3N#2
1_42_191,Q3N#2
1_24_160,Q3N#2
3_42_88,Q3N#2
4_33_144,Q3N#2
3_29_126,Q3N#2
3_20_96,Q3N#2
4_5_69,Q3N#2
4_34_60,Q3N#2
4_31_164,Q3N#2
1_50_166,Q3N#2
1_27_31,Q3N#2
1_8_192,Q3N#2
2_14_12,Q3N#2
4_8_107,Q3N#2
4_42_113,Q3N#2
1_27_134,Q3N#2
4_39_63,Q3N#2
1_37_188,Q3N#2
4_39_5,Q3N#2
3_38_177,Q3N#2
3_4_116,Q3N#2
3_1_151,Q3N#2
1_9_83,Q3N#2
4_2_131,Q3N#2
2_29_96,Q3N#2
1_3_164,Q3N#2
1_45_121,Q3N#2
4_19_194,Q3N#2
2_32_26,Q3N#2
1_6_146,Q3N#2
2_35_173,Q3N#2
1_27_10,Q3N#2
1_17_19,Q3N#2
1_32_145,Q3N#2
2_1_82,Q3N#2
3_37_41,Q3N#2
4_16_187,Q3N#2
3_40_198,Q3N#2
4_9_141,Q3N#2
2_5_182,Q3N#2
1_33_129,Q3N#2
4_41_83,Q3N#2
3_8_152,Q3N#2
2_1_62,Q3N#2
2_45_97,Q3N#2
2_17_42,Q3N#2
4_23_15,Q3N#2
4_30_104,Q3N#2
1_8_158,Q3N#2
2_2_60,Q3N#2
2_45_64,Q3N#2
4_16_12,Q3N#2
1_39_182,Q3N#2
3_26_199,Q3N#2
1_35_24,Q3N#2
4_40_178,Q3N#2
2_5_117,Q3N#2
3_36_71,Q3N#2
1_49_185,Q3N#2
2_5_5,Q3N#2
3_14_196,Q3N#2
4_29_174,Q3N#2
2_5_38,Q3N#2
1_15_57,Q3N#2
1_19_41,Q3N#2
1_7_131,Q3N#2
3_11_42,Q3N#2
2_29_176,Q3N#2
1_37_56,Q3N#2
3_47_95,Q3N#2
2_48_113,Q3N#2
1_47_48,Q3N#2
1_41_199,Q3N#2
3_16_30,Q3N#2
3_15_113,Q3N#2
2_38_46,Q3N#2
4_8_92,Q3N#2
1_18_96,Q3N#2
4_43_76,Q3N#2
4_23_148,Q3N#2
2_8_65,Q3N#2
1_2_138,Q3N#2
1_8_148,Q3N#2
2_35_38,Q3N#2
1_16_100,Q3N#2
4_40_28,Q3N#2
1_32_13,Q3N#2
4_10_10,Q3N#2
1_34_110,Q3N#2
4_50_48,Q3N#2
2_21_197,Q3N#2
2_21_7,Q3N#2
4_37_45,Q3N#2
1_47_165,Q3N#2
4_24_105,Q3N#2
2_19_165,Q3N#2
4_15_109,Q3N#2
3_33_27,Q3N#2
2_3_42,Q3N#2
3_38_6,Q3N#2
4_37_85,Q3N#2
4_2_135,Q3N#2
3_30_156,Q3N#2
1_28_179,Q3N#2
1_33_55,Q3N#2
3_1_29,Q3N#2
3_22_103,Q3N#2
2_37_91,Q3N#2
4_10_192,Q3N#2
3_29_75,Q3N#2
3_29_74,Q3N#2
2_39_26,Q3N#2
4_12_9,Q3N#2
1_3_176,Q3N#2
4_2_83,Q3N#2
1_13_168,Q3N#2
2_39_81,Q3N#2
2_19_12,Q3N#2
1_16_153,Q3N#2
2_6_100,Q3N#2
3_45_185,Q3N#2
2_49_25,Q3N#2
1_41_31,Q3N#2
3_22_31,Q3N#2
3_10_122,Q3N#2
2_7_21,Q3N#2
2_42_87,Q3N#2
3_19_23,Q3N#2
2_7_28,Q3N#2
2_33_179,Q3N#2
3_49_170,Q3N#2
2_25_34,Q3N#2
2_46_165,Q3N#2
1_41_81,Q3N#2
2_39_29,Q3N#2
1_45_109,Q3N#2
2_7_37,Q3N#2
1_37_195,Q3N#2
4_20_177,Q3N#2
3_34_172,Q3N#2
2_50_100,Q3N#2
2_19_139,Q3N#2
1_13_20,Q3N#2
1_5_119,Q3N#2
3_32_50,Q3N#2
4_36_30,Q3N#2
4_1_148,Q3N#2
4_39_161,Q3N#2
1_31_62,Q3N#2
1_22_123,Q3N#2
1_22_191,Q3N#2
1_50_122,Q3N#2
1_35_146,Q3N#2
3_19_163,Q3N#2
3_14_70,Q3N#2
1_36_159,Q3N#2
1_19_145,Q3N#2
3_36_104,Q3N#2
2_22_88,Q3N#2
4_13_95,Q3N#2
4_48_168,Q3N#2
1_34_104,Q3N#2
3_42_78,Q3N#2
1_50_180,Q3N#2
2_49_27,Q3N#2
2_39_59,Q3N#2
3_8_78,Q3N#2
4_31_160,Q3N#2
3_36_79,Q3N#3
4_37_69,Q3N#3
3_12_12,Q3N#3
3_44_138,Q3N#3
4_33_83,Q3N#3
1_36_77,Q3N#3
3_49_68,Q3N#3
1_13_178,Q3N#3
4_21_165,Q3N#3
4_24_18,Q3N#3
4_43_142,Q3N#3
1_26_192,Q3N#3
4_15_60,Q3N#3
2_48_15,Q3N#3
1_42_170,Q3N#3
2_34_38,Q3N#3
3_45_84,Q3N#3
2_29_181,Q3N#3
1_7_34,Q3N#3
1_3_74,Q3N#3
4_41_22,Q3N#3
4_8_99,Q3N#3
3_49_57,Q3N#3
1_26_108,Q3N#3
3_42_155,Q3N#3
1_14_114,Q3N#3
2_5_39,Q3N#3
2_10_100,Q3N#3
3_44_130,Q3N#3
3_31_65,Q3N#3
4_47_153,Q3N#3
1_12_31,Q3N#3
4_3_27,Q3N#3
3_10_160,Q3N#3
2_18_164,Q3N#3
3_47_24,Q3N#3
1_7_76,Q3N#3
2_3_175,Q3N#3
3_30_83,Q3N#3
2_18_73,Q3N#3
2_28_94,Q3N#3
2_11_165,Q3N#3
3_28_129,Q3N#3
2_17_105,Q3N#3
4_6_126,Q3N#3
1_31_79,Q3N#3
4_30_134,Q3N#3
4_39_105,Q3N#3
1_4_112,Q3N#3
4_33_85,Q3N#3
3_41_138,Q3N#3
4_42_32,Q3N#3
3_8_23,Q3N#3
1_8_27,Q3N#3
2_4_126,Q3N#3
3_46_73,Q3N#3
3_31_20,Q3N#3
4_32_100,Q3N#3
1_47_140,Q3N#3
1_31_4,Q3N#3
4_25_177,Q3N#3
2_35_29,Q3N#3
3_26_53,Q3N#3
3_20_178,Q3N#3
3_26_107,Q3N#3
4_8_172,Q3N#3
4_4_56,Q3N#3
2_27_88,Q3N#3
2_19_140,Q3N#3
2_9_35,Q3N#3
2_37_29,Q3N#3
2_1_126,Q3N#3
3_3_173,Q3N#3
1_33_49,Q3N#3
4_30_182,Q3N#3
2_26_169,Q3N#3
2_48_36,Q3N#3
4_10_100,Q3N#3
3_8_135,Q3N#3
3_5_122,Q3N#3
2_2_140,Q3N#3
2_17_91,Q3N#3
1_40_30,Q3N#3
1_39_179,Q3N#3
1_40_195,Q3N#3
3_21_164,Q3N#3
1_14_53,Q3N#3
2_2_103,Q3N#3
2_48_25,Q3N#3
4_23_167,Q3N#3
2_26_127,Q3N#3
3_14_75,Q3N#3
2_27_19,Q3N#3
2_8_123,Q3N#3
4_41_79,Q3N#3
4_12_159,Q3N#3
4_16_15,Q3N#3
1_45_16,Q3N#3
4_45_93,Q3N#3
3_40_39,Q3N#3
4_17_30,Q3N#3
3_32_18,Q3N#3
3_45_126,Q3N#3
1_5_95,Q3N#3
1_10_66,Q3N#3
4_37_51,Q3N#3
3_14_27,Q3N#3
4_44_183,Q3N#3
4_32_66,Q3N#3
4_11_76,Q3N#3
2_6_28,Q3N#3
2_23_28,Q3N#3
2_24_14,Q3N#3
1_40_159,Q3N#3
2_1_8,Q3N#3
3_11_151,Q3N#3
4_34_110,Q3N#3
1_9_125,Q3N#3
4_28_177,Q3N#3
2_43_35,Q3N#3
2_13_65,Q3N#3
1_42_180,Q3N#3
2_6_128,Q3N#3
1_5_166,Q3N#3
2_4_163,Q3N#3
2_35_119,Q3N#3
4_40_105,Q3N#3
2_27_64,Q3N#3
1_45_103,Q3N#3
3_21_31,Q3N#3
3_6_97,Q3N#3
1_32_147,Q3N#3
4_32_78,Q3N#3
4_43_69,Q3N#3
3_34_59,Q3N#3
3_7_55,Q3N#3
4_29_2,Q3N#3
4_28_116,Q3N#3
2_21_161,Q3N#3
1_14_148,Q3N#3
3_30_60,Q3N#3
1_3_90,Q3N#3
2_22_26,Q3N#3
3_16_21,Q3N#3
1_48_146,Q3N#3
2_10_10,Q3N#3
1_37_163,Q3N#3
1_2_20,Q3N#3
1_44_52,Q3N#3
2_23_178,Q3N#3
1_1_7,Q3N#3
1_14_168,Q3N#3
3_46_164,Q3N#3
2_18_77,Q3N#3
4_3_21,Q3N#3
1_42_169,Q3N#3
2_49_94,Q3N#3
1_33_13,Q3N#3
1_17_15,Q3N#3
4_1_15,Q3N#3
4_27_36,Q3N#3
1_37_145,Q3N#3
2_44_133,Q3N#3
4_39_124,Q3N#3
3_37_80,Q3N#3
4_19_55,Q3N#3
2_41_52,Q3N#3
3_47_124,Q3N#3
1_48_110,Q3N#3
3_32_135,Q3N#3
4_47_14,Q3N#3
1_22_173,Q3N#3
1_20_199,Q3N#3
2_36_39,Q3N#3
1_16_48,Q3N#3
4_9_107,Q3N#3
1_34_19,Q3N#3
1_50_76,Q3N#3
2_32_2,Q3N#3
4_45_170,Q3N#3
4_2_130,Q3N#3
3_7_69,Q3N#3
4_15_195,Q3N#3
3_49_44,Q3N#3
4_15_91,Q3N#3
3_4_42,Q3N#3
2_48_61,Q3N#3
2_47_74,Q3N#3
4_23_24,Q3N#3
3_36_107,Q3N#3
2_39_176,Q3N#3
2_16_52,Q3N#3
2_6_64,Q3N#3
1_42_15,Q3N#3
4_22_155,Q3N#3
3_17_111,Q3N#3
4_18_70,Q3N#3
1_37_98,Q3N#3
4_18_102,Q3N#3
1_24_133,Q3N#3
2_1_146,Q3N#3
4_33_76,Q3N#3
4_6_182,Q3N#3
2_49_165,Q3N#3
3_29_15,Q3N#3
2_47_35,Q3N#3
3_25_91,Q3N#3
3_41_78,Q3N#3
2_42_196,Q3N#3
1_3_88,Q3N#3
4_49_24,Q3N#3
4_29_147,Q3N#3
3_33_56,Q3N#3
4_33_93,Q3N#3
4_14_34,Q3N#3
1_16_6,Q3N#3
2_26_92,Q3N#3
4_16_171,Q3N#3
3_23_147,Q3N#3
4_4_9,Q3N#3
1_40_140,Q3N#3
3_17_61,Q3N#3
3_35_131,Q3N#3
3_30_35,Q3N#3
2_10_144,Q3N#3
3_8_116,Q3N#3
1_9_93,Q3N#3
4_47_83,Q3N#3
1_3_131,Q3N#3
2_42_182,Q3N#3
2_30_191,Q3N#3
3_26_69,Q3N#3
2_33_58,Q3N#3
2_42_56,Q3N#3
3_10_47,Q3N#3
3_23_184,Q3N#3
3_23_54,Q3N#3
1_48_152,Q3N#3
4_36_24,Q3N#3
3_46_61,Q3N#3
1_45_177,Q3N#3
4_28_157,Q3N#3
3_29_107,Q3N#3
3_31_10,Q3N#3
3_16_156,Q3N#3
4_43_194,Q3N#3
4_20_84,Q3N#3
4_19_18,Q3N#3
2_24_161,Q3N#3
4_28_13,Q3N#3
1_27_90,Q3N#3
2_25_86,Q3N#3
1_18_1,Q3N#3
2_16_71,Q3N#3
2_32_143,Q3N#3
1_32_142,Q3N#3
4_38_7,Q3N#3
1_42_192,Q3N#3
3_46_87,Q3N#3
1_44_142,Q3N#3
3_46_102,Q3N#3
3_22_117,Q3N#3
2_35_0,Q3N#3
1_48_46,Q3N#3
4_30_131,Q3N#3
3_14_80,Q3N#3
3_6_82,Q3N#3
1_7_154,Q3N#3
1_48_82,Q3N#3
2_9_108,Q3N#3
2_50_91,Q3N#3
4_31_70,Q3N#3
2_11_159,Q3N#3
1_48_180,Q3N#3
1_15_185,Q3N#3
3_19_64,Q3N#3
1_8_46,Q3N#3
1_23_184,Q3N#3
4_37_110,Q3N#3
4_26_127,Q3N#3
1_25_83,Q3N#3
3_46_141,Q3N#3
4_18_108,Q3N#3
3_37_125,Q3N#3
2_14_61,Q3N#3
4_43_195,Q3N#3
1_38_19,Q3N#3
2_43_101,Q3N#3
3_47_66,Q3N#3
2_42_23,Q3N#3
1_27_67,Q3N#3
2_28_151,Q3N#3
4_48_69,Q3N#3
4_47_105,Q3N#3
2_44_1,Q3N#3
2_42_3,Q3N#3
4_17_178,Q3N#3
4_9_3,Q3N#3
3_25_180,Q3N#3
1_34_83,Q3N#3
2_14_76,Q3N#3
2_34_22,Q3N#3
4_11_32,Q3N#3
1_44_40,Q3N#3
1_1_174,Q3N#3
4_48_76,Q3N#3
3_5_65,Q3N#3
4_40_172,Q3N#3
2_35_181,Q3N#3
2_34_196,Q3N#3
3_32_77,Q3N#3
4_50_182,Q3N#3
2_50_103,Q3N#3
1_11_133,Q3N#3
3_8_149,Q3N#3
2_27_58,Q3N#3
1_5_50,Q3N#3
1_46_186,Q3N#3
4_43_80,Q3N#3
3_40_35,Q3N#3
2_26_36,Q3N#3
4_24_88,Q3N#3
3_1_44,Q3N#3
4_47_197,Q3N#3
3_21_109,Q3N#3
3_12_18,Q3N#3
2_42_144,Q3N#3
3_10_61,Q3N#3
1_13_82,Q3N#3
2_46_118,Q3N#3
4_28_136,Q3N#3
3_16_100,Q3N#3
2_50_54,Q3N#3
1_30_179,Q3N#3
2_15_35,Q3N#3
3_17_104,Q3N#3
4_17_36,Q3N#3
3_7_114,Q3N#3
3_26_40,Q3N#3
3_3_133,Q3N#3
4_38_20,Q3N#3
3_43_59,Q3N#3
1_13_19,Q3N#3
1_4_105,Q3N#3
4_25_147,Q3N#3
4_43_134,Q3N#3
1_9_174,Q3N#3
1_36_175,Q3N#3
1_1_15,Q3N#3
4_26_101,Q3N#3
3_20_58,Q3N#3
3_28_199,Q3N#3
1_50_47,Q3N#3
4_28_10,Q3N#3
1_31_1,Q3N#3
4_8_144,Q3N#3
3_19_178,Q3N#3
3_19_181,Q3N#3
3_30_128,Q3N#3
2_40_105,Q3N#3
3_25_129,Q3N#3
2_25_197,Q3N#3
4_24_126,Q3N#3
1_9_177,Q3N#3
1_19_133,Q3N#3
1_5_159,Q3N#3
3_16_40,Q3N#3
4_1_93,Q3N#3
4_36_186,Q3N#3
4_32_29,Q3N#3
4_25_84,Q3N#3
2_9_198,Q3N#3
4_49_2,Q3N#3
4_19_122,Q3N#3
3_48_124,Q3N#3
1_25_132,Q3N#3
2_41_119,Q3N#3
1_46_73,Q3N#3
4_3_193,Q3N#3
3_17_5,Q3N#3
3_32_139,Q3N#3
1_36_115,Q3N#3
1_49_118,Q3N#3
1_6_68,Q3N#3
3_45_109,Q3N#3
1_35_115,Q3N#3
3_26_48,Q3N#3
2_44_198,Q3N#3
1_43_52,Q3N#3
2_31_44,Q3N#3
1_9_99,Q3N#3
1_16_33,Q3N#3
3_2_68,Q3N#3
3_6_108,Q3N#3
1_33_41,Q3N#3
2_17_47,Q3N#3
3_27_71,Q3N#3
4_44_66,Q3N#3
3_35_130,Q3N#3
2_5_165,Q3N#3
3_18_148,Q3N#3
4_33_139,Q3N#3
3_9_83,Q3N#3
3_3_50,Q3N#3
3_10_63,Q3N#3
3_1_23,Q3N#3
3_25_20,Q3N#3
2_38_11,Q3N#3
1_21_189,Q3N#3
4_42_117,Q3N#3
4_26_185,Q3N#3
3_41_55,Q3N#3
2_32_23,Q3N#3
1_35_127,Q3N#3
2_30_176,Q3N#3
4_43_106,Q3N#3
2_41_47,Q3N#3
3_13_170,Q3N#3
4_23_72,Q3N#3
3_39_171,Q3N#3
2_39_132,Q3N#3
3_48_24,Q3N#3
1_14_72,Q3N#3
4_46_103,Q3N#3
4_23_89,Q3N#3
4_38_89,Q3N#3
2_7_181,Q3N#3
4_30_90,Q3N#3
4_20_60,Q3N#3
2_45_12,Q3N#3
1_44_158,Q3N#3
3_44_194,Q3N#3
3_32_192,Q3N#3
1_11_185,Q3N#3
2_28_27,Q3N#3
1_38_195,Q3N#3
2_44_72,Q3N#3
1_24_114,Q3N#3
4_25_155,Q3N#3
3_26_146,Q3N#3
3_33_161,Q3N#3
4_26_159,Q3N#3
1_22_117,Q3N#3
4_41_11,Q3N#3
4_22_79,Q3N#3
1_5_146,Q3N#3
3_14_169,Q3N#3
1_22_10,Q3N#3
1_3_143,Q3N#3
2_12_84,Q3N#3
4_7_8,Q3N#3
3_29_80,Q3N#3
1_19_39,Q3N#3
4_45_158,Q3N#3
2_30_164,Q3N#3
3_45_38,Q3N#3
3_20_82,Q3N#3
2_35_67,Q3N#3
4_2_181,Q3N#3
4_9_12,Q3N#3
2_50_166,Q3N#3
3_50_126,Q3N#3
2_32_95,Q3N#3
4_44_44,Q3N#3
1_38_27,Q3N#3
4_35_167,Q3N#3
2_11_95,Q3N#3
3_32_64,Q3N#3
4_32_37,Q3N#3
3_21_118,Q3N#3
3_38_67,Q3N#3
3_36_157,Q3N#3
3_10_3,Q3N#3
2_50_7,Q3N#3
1_27_184,Q3N#3
3_29_164,Q3N#3
1_49_103,Q3N#3
4_17_164,Q3N#3
4_9_176,Q3N#3
2_2_79,Q3N#3
1_38_84,Q3N#3
3_43_156,Q3N#3
1_35_167,Q3N#3
4_2_173,Q3N#3
1_50_7,Q3N#3
4_11_112,Q3N#3
3_29_182,Q3N#3
2_29_111,Q3N#3
3_43_107,Q3N#3
3_47_84,Q3N#3
2_44_27,Q3N#3
2_21_118,Q3N#3
1_43_75,Q3N#3
4_24_160,Q3N#3
2_37_197,Q3N#3
4_38_21,Q3N#3
2_41_166,Q3N#3
1_25_154,Q3N#3
3_14_114,Q3N#3
3_23_189,Q3N#3
1_19_81,Q3N#3
2_29_33,Q3N#3
4_31_75,Q3N#3
2_33_124,Q3N#3
2_45_88,Q3N#3
3_47_156,Q3N#3
3_8_36,Q3N#3
1_6_172,Q3N#3
4_21_138,Q3N#3
1_31_153,Q3N#3
1_47_1,Q3N#3
2_27_164,Q3N#3
2_21_13,Q3N#3
1_9_120,Q3N#3
4_30_29,Q3N#3
1_32_26,Q3N#3
3_1_79,Q3N#3
3_28_21,Q3N#3
4_37_78,Q3N#3
4_6_196,Q3N#3
2_4_178,Q3N#3
4_28_2,Q3N#3
2_12_26,Q3N#3
1_46_193,Q3N#3
1_49_107,Q3N#3
1_41_90,Q3N#3
2_25_118,Q3N#3
1_28_97,Q3N#3
3_43_106,Q3N#3
2_28_156,Q3N#3
3_24_85,Q3N#3
1_3_23,Q3N#3
4_23_176,Q3N#3
4_1_45,Q3N#3
2_8_87,Q3N#3
4_48_93,Q3N#3
1_35_19,Q3N#3
2_14_111,Q3N#3
2_4_116,Q3N#3
3_2_177,Q3N#3
1_43_181,Q3N#3
1_13_117,Q3N#3
2_39_51,Q3N#3
2_24_185,Q3N#3
3_10_28,Q3N#3
2_31_84,Q3N#3
4_32_138,Q3N#3
2_5_59,Q3N#3
1_45_57,Q3N#3
3_9_86,Q3N#3
3_3_111,Q3N#3
3_30_150,Q3N#3
4_4_126,Q3N#3
3_42_82,Q3N#3
4_36_16,Q3N#3
2_36_155,Q3N#3
3_28_60,Q3N#3
3_42_195,Q3N#3
2_27_174,Q3N#3
3_8_104,Q3N#3
3_45_26,Q3N#3
2_22_55,Q3N#3
2_26_175,Q3N#3
4_28_168,Q3N#3
2_23_18,Q3N#3
4_20_86,Q3N#3
1_50_6,Q3N#3
2_42_135,Q3N#3
1_20_47,Q3N#3
1_22_11,Q3N#3
4_30_185,Q3N#3
4_1_188,Q3N#3
4_15_96,Q3N#3
1_17_13,Q3N#3
3_5_32,Q3N#3
4_8_38,Q3N#3
1_36_53,Q3N#3
3_29_38,Q3N#3
4_1_176,Q3N#3
2_31_123,Q3N#3
1_7_52,Q3N#3
1_18_89,Q3N#3
4_19_90,Q3N#3
2_12_72,Q3N#3
4_6_150,Q3N#3
2_8_8,Q3N#3
2_30_156,Q3N#3
1_26_165,Q3N#3
2_9_161,Q3N#3
1_47_175,Q3N#3
2_30_33,Q3N#3
2_16_28,Q3N#3
2_40_133,Q3N#3
4_47_111,Q3N#3
1_22_54,Q3N#3
2_22_50,Q3N#3
3_50_198,Q3N#3
4_16_190,Q3N#3
2_13_67,Q3N#3
1_23_78,Q3N#3
2_17_157,Q3N#3
3_44_53,Q3N#3
3_33_147,Q3N#3
3_15_81,Q3N#3
3_45_189,Q3N#3
2_40_154,Q3N#3
1_13_194,Q3N#3
3_44_63,Q3N#3
1_27_138,Q3N#3
1_31_138,Q3N#3
4_37_184,Q3N#3
2_38_169,Q3N#3
1_11_82,Q3N#3
4_44_58,Q3N#3
2_24_59,Q3N#3
4_36_76,Q3N#3
2_15_148,Q3N#3
1_18_148,Q3N#3
1_18_34,Q3N#3
4_50_153,Q3N#3
3_47_9,Q3N#3
3_25_199,Q3N#3
1_30_120,Q3N#3
3_29_66,Q3N#3
2_31_12,Q3N#3
3_37_113,Q3N#3
3_44_176,Q3N#3
4_22_192,Q3N#3
4_38_62,Q3N#3
4_21_107,Q3N#3
2_9_167,Q3N#3
2_29_23,Q3N#3
2_40_193,Q3N#3
1_6_92,Q3N#3
2_7_199,Q3N#3
1_40_49,Q3N#3
4_17_135,Q3N#3
2_16_190,Q3N#3
3_24_43,Q3N#3
1_33_96,Q3N#3
2_46_92,Q3N#3
4_16_74,Q3N#3
1_8_151,Q3N#3
1_28_55,Q3N#3
2_43_128,Q3N#3
4_45_156,Q3N#3
1_37_69,Q3N#3
1_13_134,Q3N#3
2_41_91,Q3N#3
2_28_16,Q3N#3
3_4_180,Q3N#3
3_28_106,Q3N#3
1_8_162,Q3N#3
3_9_46,Q3N#3
1_1_170,Q3N#3
4_37_47,Q3N#3
1_4_157,Q3N#3
4_2_188,Q3N#3
2_32_60,Q3N#3
1_36_46,Q3N#3
1_35_106,Q3N#3
1_23_44,Q3N#3
1_13_16,Q3N#3
1_26_48,Q3N#3
3_43_31,Q3N#3
2_18_154,Q3N#3
4_32_108,Q3N#3
3_38_41,Q3N#3
1_45_111,Q3N#3
4_25_46,Q3N#3
1_12_14,Q3N#3
4_20_52,Q3N#3
2_25_134,Q3N#3
3_50_108,Q3N#3
2_30_139,Q3N#3
4_45_153,Q3N#3
1_15_194,Q3N#3
2_14_52,Q3N#3
1_41_115,Q3N#3
3_47_141,Q3N#3
1_3_194,Q3N#3
1_8_61,Q3N#3
2_22_109,Q3N#3
4_35_7,Q3N#3
1_50_71,Q3N#3
3_30_165,Q3N#3
2_46_61,Q3N#3
4_6_82,Q3N#3
4_5_179,Q3N#3
4_14_136,Q3N#3
3_40_148,Q3N#3
2_14_92,Q3N#3
2_6_131,Q3N#3
1_46_116,Q3N#3
1_44_159,Q3N#3
3_6_190,Q3N#3
4_2_90,Q3N#3
3_45_71,Q3N#3
2_31_98,Q3N#3
3_39_169,Q3N#3
4_45_187,Q3N#3
1_18_131,Q3N#3
1_14_100,Q3N#3
2_10_135,Q3N#3
2_35_52,Q3N#3
3_12_136,Q3N#3
4_18_112,Q3N#3
3_8_190,Q3N#3
4_6_176,Q3N#3
2_20_197,Q3N#3
3_32_33,Q3N#3
4_45_185,Q3N#3
1_1_160,Q3N#3
4_23_66,Q3N#3
2_33_153,Q3N#3
1_50_185,Q3N#3
1_34_69,Q3N#3
2_29_27,Q3N#3
3_17_55,Q3N#3
3_48_116,Q3N#3
4_38_65,Q3N#3
1_23_186,Q3N#3
2_35_123,Q3N#3
4_50_88,Q3N#3
2_27_81,Q3N#3
1_9_144,Q3N#3
3_47_161,Q3N#3
2_44_95,Q3N#3
2_1_180,Q3N#3
2_12_78,Q3N#3
3_4_144,Q3N#3
4_17_104,Q3N#3
1_38_152,Q3N#3
4_2_192,Q3N#3
4_45_13,Q3N#3
1_39_0,Q3N#3
1_49_96,Q3N#3
2_27_39,Q3N#3
1_13_59,Q3N#3
1_4_75,Q3N#3
4_50_46,Q3N#3
1_26_149,Q3N#3
3_18_26,Q3N#3
2_8_148,Q3N#3
2_20_19,Q3N#3
2_40_41,Q3N#3
1_34_149,Q3N#3
3_49_28,Q3N#3
1_11_10,Q3N#3
4_16_46,Q3N#3
4_4_150,Q3N#3
4_2_164,Q3N#3
2_2_63,Q3N#3
3_36_47,Q3N#3
4_11_73,Q3N#3
1_22_46,Q3N#3
1_30_133,Q3N#3
2_42_65,Q3N#3
2_7_94,Q3N#3
2_31_35,Q3N#3
4_31_144,Q3N#3
4_9_86,Q3N#3
1_15_65,Q3N#3
3_35_2,Q3N#3
3_19_152,Q3N#3
4_49_189,Q3N#3
2_48_127,Q3N#3
1_10_91,Q3N#3
3_33_18,Q3N#3
1_9_132,Q3N#3
4_28_180,Q3N#3
4_15_59,Q3N#3
2_24_52,Q3N#3
1_7_121,Q3N#3
2_7_66,Q3N#3
2_26_4,Q3N#3
2_50_10,Q3N#3
1_35_126,Q3N#3
4_36_20,Q3N#3
4_41_101,Q3N#3
2_11_143,Q3N#3
4_47_143,Q3N#3
3_14_171,Q3N#3
3_21_134,Q3N#3
2_40_131,Q3N#3
2_2_31,Q3N#3
4_25_16,Q3N#3
3_23_90,Q3N#3
4_19_159,Q3N#3
2_6_80,Q3N#3
1_50_181,Q3N#3
3_49_74,Q3N#3
3_33_186,Q3N#3
3_33_84,Q3N#3
1_50_69,Q3N#3
1_40_192,Q3N#3
1_25_141,Q3N#3
3_26_116,Q3N#3
4_24_108,Q3N#3
1_18_39,Q3N#3
2_34_194,Q3N#3
2_21_92,Q3N#3
2_30_107,Q3N#3
2_49_161,Q3N#3
4_33_146,Q3N#3
2_13_41,Q3N#3
3_33_4,Q3N#3
3_4_47,Q3N#3
4_22_0,Q3N#3
4_36_35,Q3N#3
3_29_101,Q3N#3
4_16_177,Q3N#3
1_32_195,Q3N#3
2_29_99,Q3N#3
2_22_70,Q3N#3
4_49_147,Q3N#3
4_14_95,Q3N#3
3_19_106,Q3N#3
3_28_23,Q3N#3
4_10_120,Q3N#3
4_27_166,Q3N#3
3_11_158,Q3N#3
1_10_128,Q3N#3
3_36_87,Q3N#3
4_9_180,Q3N#3
3_13_91,Q3N#3
1_4_0,Q3N#3
4_38_184,Q3N#3
4_44_171,Q3N#3
2_2_107,Q3N#3
4_24_125,Q3N#3
1_36_150,Q3N#3
1_29_165,Q3N#3
4_40_162,Q3N#3
3_16_161,Q3N#3
1_29_72,Q3N#3
3_5_159,Q3N#3
4_35_194,Q3N#3
3_35_138,Q3N#3
3_49_56,Q3N#3
2_21_42,Q3N#3
4_31_50,Q3N#3
1_22_159,Q3N#3
1_37_147,Q3N#3
1_19_82,Q3N#3
2_18_166,Q3N#3
3_37_173,Q3N#3
1_30_28,Q3N#3
4_19_189,Q3N#3
3_36_126,Q3N#3
4_22_145,Q3N#3
4_33_37,Q3N#3
4_45_83,Q3N#3
2_1_170,Q3N#3
3_2_117,Q3N#3
3_3_155,Q3N#3
1_31_42,Q3N#3
4_7_182,Q3N#3
1_27_91,Q3N#3
2_14_102,Q3N#3
3_8_162,Q3N#3
2_15_4,Q3N#3
4_41_10,Q3N#3
4_24_9,Q3N#3
1_12_171,Q3N#3
3_11_84,Q3N#3
1_6_141,Q3N#3
3_18_18,Q3N#3
4_12_59,Q3N#3
4_22_77,Q3N#3
3_32_65,Q3N#3
1_23_177,Q3N#3
4_6_192,Q3N#3
2_1_172,Q3N#3
4_25_160,Q3N#3
3_40_124,Q3N#3
4_47_135,Q3N#3
3_24_91,Q3N#3
3_46_189,Q3N#3
3_43_66,Q3N#3
4_26_66,Q3N#3
4_48_74,Q3N#3
2_22_198,Q3N#3
4_21_52,Q3N#3
4_15_70,Q3N#3
1_30_136,Q3N#3
4_45_51,Q3N#3
1_9_82,Q3N#3
2_7_108,Q3N#3
2_6_105,Q3N#3
3_9_181,Q3N#3
3_28_29,Q3N#3
4_8_23,Q3N#3
1_49_136,Q3N#3
2_2_64,Q3N#3
4_12_182,Q3N#3
4_22_3,Q3N#3
2_48_174,Q3N#3
4_22_4,Q3N#3
3_48_49,Q3N#3
4_41_56,Q3N#3
4_13_37,Q3N#3
3_6_73,Q3N#3
3_36_2,Q3N#3
4_37_81,Q3N#3
2_8_172,Q3N#3
1_38_79,Q3N#3
2_46_17,Q3N#3
4_21_100,Q3N#3
3_3_139,Q3N#3
4_3_55,Q3N#3
1_26_168,Q3N#3
1_44_87,Q3N#3
4_47_61,Q3N#3
1_22_86,Q3N#3
3_50_67,Q3N#3
3_32_149,Q3N#3
2_28_127,Q3N#3
1_17_90,Q3N#3
4_2_197,Q3N#3
3_10_43,Q3N#3
2_29_132,Q3N#3
2_28_166,Q3N#3
3_26_108,Q3N#3
2_35_128,Q3N#3
3_35_154,Q3N#3
4_47_11,Q3N#3
3_21_67,Q3N#3
4_44_65,Q3N#3
1_27_123,Q3N#3
2_15_126,Q3N#3
2_38_39,Q3N#3
1_5_75,Q3N#3
1_9_21,Q3N#3
2_19_156,Q3N#3
3_2_145,Q3N#3
2_48_197,Q3N#3
3_21_160,Q3N#3
3_44_125,Q3N#3
4_2_50,Q3N#3
4_13_53,Q3N#3
4_22_45,Q3N#3
2_1_117,Q3N#3
3_2_54,Q3N#3
3_36_198,Q3N#3
3_49_132,Q3N#3
4_47_140,Q3N#3
3_46_80,Q3N#3
1_20_161,Q3N#3
4_8_174,Q3N#3
2_31_32,Q3N#3
1_44_58,Q3N#3
1_47_89,Q3N#3
2_34_3,Q3N#3
3_41_57,Q3N#3
1_37_70,Q3N#3
4_29_192,Q3N#3
3_41_141,Q3N#3
4_21_24,Q3N#3
3_30_93,Q3N#3
3_36_161,Q3N#3
4_37_53,Q3N#3
4_26_50,Q3N#3
3_26_160,Q3N#3
1_20_127,Q3N#3
2_47_6,Q3N#3
2_15_60,Q3N#3
2_36_83,Q3N#3
1_47_136,Q3N#3
4_7_93,Q3N#3
1_46_127,Q3N#3
4_44_190,Q3N#3
2_20_91,Q3N#3
2_25_97,Q3N#3
3_38_175,Q3N#3
1_18_182,Q3N#3
4_22_76,Q3N#3
3_37_153,Q3N#3
3_33_177,Q3N#3
4_19_3,Q3N#3
3_35_74,Q3N#3
1_11_8,Q3N#3
4_25_42,Q3N#3
3_30_54,Q3N#3
4_28_65,Q3N#3
2_46_192,Q3N#3
3_13_198,Q3N#3
4_5_121,Q3N#3
3_9_30,Q3N#3
2_29_40,Q3N#3
2_11_131,Q3N#3
4_6_26,Q3N#3
1_19_27,Q3N#3
4_5_103,Q3N#3
1_4_98,Q3N#3
1_34_17,Noise
3_27_110,Noise
4_27_158,Noise
3_2_64,Noise
1_16_131,Noise
1_18_93,Noise
2_4_104,Noise
1_1_11,Noise
2_13_179,Noise
3_37_77,Noise
2_9_119,Noise
2_1_125,Noise
3_50_92,Noise
1_12_122,Noise
3_40_197,Noise
3_37_18,Noise
3_22_124,Noise
4_49_11,Noise
2_48_157,Noise
4_17_141,Noise
1_40_148,Noise
2_8_188,Noise
3_45_110,Noise
4_37_6,Noise
3_12_167,Noise
2_20_152,Noise
1_26_194,Noise
1_10_85,Noise
3_34_5,Noise
3_33_180,Noise
4_26_70,Noise
4_48_102,Noise
4_29_194,Noise
1_12_24,Noise
1_48_188,Noise
1_20_16,Noise
2_7_184,Noise
3_11_154,Noise
2_8_165,Noise
1_34_59,Noise
3_20_136,Noise
2_10_84,Noise
2_36_197,Noise
1_32_141,Noise
4_31_199,Noise
3_8_34,Noise
3_5_97,Noise
4_38_0,Noise
4_8_188,Noise
4_29_193,Noise
3_3_125,Noise
3_41_74,Noise
1_43_140,Noise
2_28_143,Noise
2_9_148,Noise
2_6_149,Noise
3_2_144,Noise
1_4_28,Noise
2_1_155,Noise
3_40_47,Noise
4_33_119,Noise
4_20_87,Noise
1_49_129,Noise
2_9_112,Noise
3_9_72,Noise
1_32_137,Noise
1_44_138,Noise
3_29_83,Noise
1_36_110,Noise
4_20_143,Noise
2_20_133,Noise
4_42_189,Noise
2_20_75,Noise
3_31_121,Noise
3_17_62,Noise
4_48_114,Noise
4_48_108,Noise
1_45_84,Noise
4_27_51,Noise
1_2_171,Noise
2_48_172,Noise
3_18_96,Noise
2_15_191,Noise
2_38_64,Noise
1_45_73,Noise
4_18_158,Noise
4_43_129,Noise
4_23_74,Noise
1_20_69,Noise
1_18_176,Noise
2_33_180,Noise
2_20_41,Noise
3_37_196,Noise
1_48_95,Noise
3_43_20,Noise
1_34_199,Noise
3_12_2,Noise
2_14_187,Noise
1_37_49,Noise
2_25_58,Noise
4_36_100,Noise
3_1_122,Noise
4_17_117,Noise
3_16_24,Noise
2_5_32,Noise
2_5_151,Noise
3_6_152,Noise
3_2_40,Noise
1_10_9,Noise
2_30_20,Noise
3_16_174,Noise
2_28_144,Noise
3_32_91,Noise
2_2_174,Noise
4_7_114,Noise
3_9_42,Noise
2_27_60,Noise
3_33_117,Noise
2_44_103,Noise
3_41_76,Noise
4_14_126,Noise
1_13_47,Noise
1_38_154,Noise
1_47_44,Noise
2_41_42,Noise
2_24_43,Noise
1_38_107,Noise
1_5_26,Noise
3_44_116,Noise
3_39_133,Noise
2_10_199,Noise
1_21_185,Noise
4_32_146,Noise
2_8_159,Noise
1_20_141,Noise
1_18_95,Noise
2_3_163,Noise
2_21_90,Noise
3_9_18,Noise
4_1_10,Noise
3_30_103,Noise
1_30_9,Noise
2_18_32,Noise
2_18_76,Noise
1_40_135,Noise
2_6_94,Noise
3_12_141,Noise
3_45_12,Noise
2_25_110,Noise
2_31_72,Noise
2_16_170,Noise
2_49_2,Noise
4_39_110,Noise
3_28_134,Noise
3_3_96,Noise
1_46_8,Noise
2_40_189,Noise
1_32_42,Noise
2_49_37,Noise
3_4_60,Noise
4_48_67,Noise
2_34_110,Noise
3_40_53,Noise
2_2_95,Noise
2_11_91,Noise
3_17_154,Noise
3_1_19,Noise
4_47_68,Noise
2_23_85,Noise
2_23_66,Noise
1_46_185,Noise
4_28_75,Noise
4_17_53,Noise
2_36_50,Noise
4_21_59,Noise
3_24_53,Noise
4_12_40,Noise
1_46_11,Noise
1_33_31,Noise
2_40_172,Noise
1_50_133,Noise
4_20_193,Noise
4_15_61,Noise
3_27_52,Noise
1_7_111,Noise
1_43_17,Noise
1_44_160,Noise
1_19_91,Noise
2_19_166,Noise
2_3_6,Noise
1_4_88,Noise
3_44_188,Noise
3_41_6,Noise
3_10_89,Noise
4_23_156,Noise
2_14_137,Noise
4_41_177,Noise
3_27_20,Noise
1_2_32,Noise
2_16_164,Noise
3_2_181,Noise
4_38_87,Noise
2_46_48,Noise
1_24_198,Noise
1_3_112,Noise
1_35_119,Noise
2_33_197,Noise
4_32_18,Noise
3_43_110,Noise
3_11_10,Noise
4_44_195,Noise
4_36_7,Noise
1_12_27,Noise
3_39_128,Noise
1_20_165,Noise
2_30_141,Noise
2_21_62,Noise
4_41_54,Noise
3_14_63,Noise
3_24_148,Noise
1_50_198,Noise
3_45_2,Noise
4_27_2,Noise
3_44_175,Noise
1_13_153,Noise
1_50_25,Noise
2_5_161,Noise
4_13_57,Noise
4_23_141,Noise
3_47_143,Noise
2_29_143,Noise
4_40_118,Noise
2_3_26,Noise
1_35_37,Noise
2_32_49,Noise
4_14_120,Noise
2_30_129,Noise
2_38_139,Noise
2_15_157,Noise
1_40_87,Noise
3_39_125,Noise
3_5_45,Noise
4_4_53,Noise
2_7_18,Noise
1_39_6,Noise
3_24_188,Noise
3_37_74,Noise
1_9_150,Noise
4_27_123,Noise
2_46_198,Noise
1_38_185,Noise
3_46_26,Noise
3_25_24,Noise
2_32_158,Noise
4_16_107,Noise
1_32_136,Noise
3_32_25,Noise
4_2_120,Noise
4_2_114,Noise
2_28_116,Noise
2_47_54,Noise
3_23_98,Noise
3_47_42,Noise
1_9_157,Noise
1_20_27,Noise
1_22_163,Noise
2_28_124,Noise
2_40_110,Noise
2_3_95,Noise
2_43_5,Noise
4_37_94,Noise
2_3_7,Noise
2_30_101,Noise
1_10_186,Noise
1_1_9,Noise
1_38_30,Noise
1_7_163,Noise
2_18_183,Noise
1_36_65,Noise
2_35_15,Noise
2_15_23,Noise
1_30_175,Noise
3_38_78,Noise
2_21_146,Noise
2_19_75,Noise
3_24_26,Noise
3_4_36,Noise
3_7_121,Noise
3_6_137,Noise
4_23_102,Noise
1_6_55,Noise
2_39_173,Noise
1_4_26,Noise
2_8_29,Noise
4_9_120,Noise
4_41_193,Noise
1_14_182,Noise
2_9_63,Noise
1_24_21,Noise
4_25_41,Noise
3_30_101,Noise
3_9_17,Noise
2_19_21,Noise
2_44_178,Noise
4_12_150,Noise
2_19_18,Noise
1_47_123,Noise
2_30_44,Noise
2_26_151,Noise
1_16_58,Noise
1_15_133,Noise
4_36_129,Noise
3_15_5,Noise
3_50_180,Noise
1_11_163,Noise
4_29_39,Noise
4_10_133,Noise
3_39_35,Noise
3_7_104,Noise
3_43_77,Noise
2_37_143,Noise
4_29_17,Noise
3_16_136,Noise
4_10_44,Noise
1_21_130,Noise
3_16_140,Noise
3_50_22,Noise
2_7_150,Noise
3_31_198,Noise
3_9_65,Noise
4_10_167,Noise
3_19_81,Noise
4_42_62,Noise
4_47_93,Noise
2_36_176,Noise
1_19_182,Noise
3_31_184,Noise
2_47_85,Noise
3_29_108,Noise
1_23_168,Noise
4_7_69,Noise
3_46_50,Noise
4_47_164,Noise
1_28_11,Noise
3_38_138,Noise
2_10_74,Noise
2_18_158,Noise
1_14_81,Noise
4_48_171,Noise
3_7_119,Noise
2_45_37,Noise
2_13_141,Noise
1_34_171,Noise
4_34_95,Noise
2_7_158,Noise
4_9_61,Noise
3_45_10,Noise
4_12_149,Noise
2_11_170,Noise
2_25_137,Noise
1_4_41,Noise
1_15_169,Noise
1_33_156,Noise
3_9_152,Noise
3_18_35,Noise
4_46_146,Noise
4_34_93,Noise
2_31_20,Noise
2_6_43,Noise
2_38_61,Noise
4_7_100,Noise
1_12_106,Noise
4_22_191,Noise
4_10_151,Noise
2_34_33,Noise
3_41_196,Noise
2_9_199,Noise
1_29_198,Noise
4_49_41,Noise
2_41_159,Noise
3_48_10,Noise
4_48_162,Noise
3_4_9,Noise
2_1_51,Noise
3_1_24,Noise
3_10_79,Noise
1_16_177,Noise
4_6_121,Noise
3_45_161,Noise
2_36_74,Noise
4_42_128,Noise
3_7_17,Noise
4_13_174,Noise
1_34_3,Noise
2_36_125,Noise
4_50_149,Noise
2_40_197,Noise
1_17_128,Noise
1_15_27,Noise
1_25_106,Noise
2_25_21,Noise
1_20_171,Noise
4_43_130,Noise
1_46_148,Noise
1_24_65,Noise
1_35_21,Noise
1_7_143,Noise
1_16_160,Noise
3_12_192,Noise
4_5_66,Noise
3_16_106,Noise
4_47_155,Noise
3_36_25,Noise
3_15_19,Noise
3_14_10,Noise
4_1_143,Noise
2_36_163,Noise
1_29_108,Noise
2_19_10,Noise
3_9_139,Noise
4_21_174,Noise
3_33_141,Noise
1_24_111,Noise
3_36_101,Noise
2_37_151,Noise
4_50_175,Noise
2_48_20,Noise
3_27_183,Noise
3_50_146,Noise
4_26_14,Noise
2_2_52,Noise
4_33_13,Noise
1_49_148,Noise
2_17_133,Noise
4_48_194,Noise
3_2_199,Noise
3_48_96,Noise
2_38_187,Noise
1_38_64,Noise
1_47_168,Noise
4_19_148,Noise
4_40_107,Noise
2_31_0,Noise
1_30_54,Noise
2_18_46,Noise
2_44_4,Noise
2_25_56,Noise
1_30_65,Noise
4_32_180,Noise
4_10_141,Noise
2_49_182,Noise
4_19_101,Noise
4_7_42,Noise
2_39_60,Noise
1_1_194,Noise
2_39_126,Noise
4_11_82,Noise
3_48_20,Noise
3_25_66,Noise
2_17_107,Noise
4_18_182,Noise
2_12_34,Noise
2_8_30,Noise
3_19_58,Noise
4_21_95,Noise
2_26_119,Noise
1_6_46,Noise
1_15_139,Noise
4_2_12,Noise
4_16_2,Noise
3_28_96,Noise
3_17_98,Noise
2_31_137,Noise
1_49_8,Noise
2_26_98,Noise
1_35_6,Noise
3_35_9,Noise
3_49_105,Noise
3_28_1,Noise
4_8_157,Noise
1_14_132,Noise
2_10_13,Noise
2_3_45,Noise
2_32_77,Noise
3_12_174,Noise
3_11_115,Noise
1_21_104,Noise
4_28_86,Noise
3_40_168,Noise
4_17_56,Noise
2_19_52,Noise
3_18_107,Noise
4_46_123,Noise
1_8_23,Noise
3_20_80,Noise
4_32_35,Noise
2_13_149,Noise
3_16_151,Noise
3_26_110,Noise
3_7_61,Noise
2_1_127,Noise
4_29_74,Noise
3_47_153,Noise
1_3_178,Noise
2_47_30,Noise
1_25_148,Noise
4_4_31,Noise
1_30_81,Noise
3_38_151,Noise
4_14_3,Noise
2_43_132,Noise
2_26_77,Noise
1_28_165,Noise
4_44_140,Noise
4_12_123,Noise
2_31_135,Noise
4_4_89,Noise
4_49_3,Noise
4_15_155,Noise
1_31_83,Noise
4_6_107,Noise
1_42_6,Noise
2_15_135,Noise
4_46_26,Noise
1_8_109,Noise
2_37_61,Noise
4_16_39,Noise
4_23_142,Noise
4_25_150,Noise
3_20_6,Noise
1_10_76,Noise
2_13_108,Noise
1_10_188,Noise
4_46_17,Noise
1_38_184,Noise
3_1_72,Noise
4_19_59,Noise
4_37_120,Noise
4_28_187,Noise
1_8_65,Noise
4_1_11,Noise
2_33_51,Noise
2_5_108,Noise
4_23_75,Noise
4_28_101,Noise
4_29_73,Noise
3_41_99,Noise
4_1_0,Noise
2_25_50,Noise
3_37_59,Noise
2_45_11,Noise
4_43_45,Noise
1_27_178,Noise
4_25_136,Noise
1_2_151,Noise
4_38_53,Noise
4_16_116,Noise
1_27_98,Noise
3_34_184,Noise
3_6_72,Noise
1_25_119,Noise
4_29_100,Noise
1_13_57,Noise
2_3_110,Noise
4_45_138,Noise
4_1_128,Noise
4_10_138,Noise
1_1_71,Noise
1_31_149,Noise
2_27_13,Noise
1_16_60,Noise
2_42_198,Noise
1_17_166,Noise
1_9_71,Noise
3_30_71,Noise
2_10_170,Noise
4_40_185,Noise
1_33_190,Noise
1_11_173,Noise
2_27_171,Noise
3_33_172,Noise
4_45_43,Noise
4_1_37,Noise
1_32_64,Noise
1_43_98,Noise
4_30_66,Noise
1_8_117,Noise
3_42_162,Noise
3_23_144,Noise
4_7_86,Noise
4_21_68,Noise
3_22_121,Noise
2_2_159,Noise
4_28_99,Noise
4_20_173,Noise
1_26_137,Noise
3_30_158,Noise
1_13_56,Noise
2_45_84,Noise
4_26_84,Noise
4_38_173,Noise
3_8_189,Noise
2_50_71,Noise
2_46_85,Noise
2_8_67,Noise
4_31_111,Noise
3_26_29,Noise
2_14_47,Noise
2_29_1,Noise
1_5_17,Noise
2_15_26,Noise
2_29_22,Noise
2_30_196,Noise
1_31_45,Noise
4_10_89,Noise
2_34_199,Noise
4_14_175,Noise
4_49_82,Noise
3_38_77,Noise
3_33_142,Noise
4_2_14,Noise
2_2_14,Noise
3_37_119,Noise
1_2_129,Noise
2_26_83,Noise
2_32_69,Noise
3_7_47,Noise
1_31_68,Noise
4_21_181,Noise
2_34_36,Noise
1_21_22,Noise
4_48_111,Noise
4_42_1,Noise
1_11_19,Noise
3_13_106,Noise
4_9_35,Noise
1_42_90,Noise
2_19_77,Noise
1_17_130,Noise
2_50_19,Noise
2_37_156,Noise
3_28_44,Noise
4_39_7,Noise
2_26_172,Noise
4_1_32,Noise
4_33_172,Noise
4_19_16,Noise
4_6_104,Noise
3_6_36,Noise
4_39_120,Noise
1_29_161,Noise
1_38_105,Noise
4_47_88,Noise
2_25_119,Noise
1_42_141,Noise
4_34_85,Noise
1_20_13,Noise
4_38_17,Noise
4_30_112,Noise
4_39_30,Noise
1_42_17,Noise
1_26_80,Noise
2_9_182,Noise
1_5_196,Noise
4_22_10,Noise
1_50_48,Noise
2_4_89,Noise
2_48_149,Noise
4_49_131,Noise
3_47_116,Noise
2_38_33,Noise
3_5_79,Noise
3_30_187,Noise
2_47_7,Noise
1_13_100,Noise
2_32_150,Noise
2_43_181,Noise
2_27_28,Noise
3_20_27,Noise
1_30_101,Noise
3_17_72,Noise
3_13_50,Noise
4_34_34,Noise
2_23_47,Noise
3_11_183,Noise
1_37_4,Noise
3_49_161,Noise
2_21_119,Noise
4_15_45,Noise
2_7_15,Noise
4_6_98,Noise
4_28_162,Noise
1_6_123,Noise
2_41_56,Noise
4_44_73,Noise
4_39_84,Noise
3_30_151,Noise
2_2_5,Noise
3_20_11,Noise
2_36_160,Noise
4_7_116,Noise
1_48_61,Noise
1_36_87,Noise
1_28_67,Noise
1_44_197,Noise
4_21_27,Noise
4_32_10,Noise
3_49_165,Noise
2_3_83,Noise
1_18_30,Noise
1_10_163,Noise
1_12_191,Noise
1_48_13,Noise
2_22_126,Noise
3_5_27,Noise
4_26_52,Noise
1_10_198,Noise
1_19_135,Noise
3_10_168,Noise
2_50_58,Noise
2_40_77,Noise
1_32_173,Noise
1_23_81,Noise
2_43_167,Noise
3_36_18,Noise
1_15_20,Noise
2_24_40,Noise
4_30_81,Noise
2_19_120,Noise
1_22_150,Noise
4_27_72,Noise
3_33_143,Noise
3_5_147,Noise
4_45_4,Noise
1_39_167,Noise
1_4_190,Noise
4_10_6,Noise
3_1_100,Noise
4_5_162,Noise
2_6_67,Noise
3_28_57,Noise
4_27_15,Noise
1_3_136,Noise
2_1_44,Noise
2_19_91,Noise
4_37_93,Noise
4_32_126,Noise
4_6_142,Noise
3_5_194,Noise
2_44_113,Noise
4_46_198,Noise
1_12_102,Noise
3_8_43,Noise
4_14_144,Noise
4_40_55,Noise
2_17_114,Noise
2_4_133,Noise
4_22_123,Noise
1_9_109,Noise
3_14_25,Noise
4_5_175,Noise
2_46_114,Noise
3_11_62,Noise
4_30_118,Noise
2_32_178,Noise
2_23_55,Noise
2_27_161,Noise
2_17_24,Noise
1_44_81,Noise
4_10_30,Noise
4_40_66,Noise
3_22_192,Noise
3_31_19,Noise
4_33_185,Noise
4_32_117,Noise
3_7_77,Noise
4_36_75,Noise
2_10_43,Noise
3_12_50,Noise
2_21_20,Noise
3_26_115,Noise
3_35_137,Noise
4_4_187,Noise
4_42_159,Noise
3_28_183,Noise
2_7_30,Noise
4_9_146,Noise
3_40_123,Noise
1_50_147,Noise
4_50_163,Noise
1_4_182,Noise
1_33_60,Noise
2_39_127,Noise
4_16_117,Noise
1_19_184,Noise
3_7_178,Noise
3_30_51,Noise
2_42_131,Noise
3_19_154,Noise
1_2_56,Noise
2_12_37,Noise
1_14_10,Noise
2_19_119,Noise
2_1_197,Noise
4_31_196,Noise
2_8_89,Noise
1_11_22,Noise
1_18_86,Noise
3_44_29,Noise
4_5_88,Noise
1_1_162,Noise
2_31_19,Noise
2_24_166,Noise
4_15_13,Noise
2_21_69,Noise
2_2_61,Noise
4_36_184,Noise
2_48_28,Noise
2_26_100,Noise
4_21_6,Noise
1_25_153,Noise
1_16_86,Noise
3_11_178,Noise
1_41_153,Noise
3_18_141,Noise
2_34_17,Noise
1_20_88,Noise
4_46_176,Noise
2_3_106,Noise
4_44_49,Noise
3_11_187,Noise
1_24_132,Noise
1_28_98,Noise
3_18_41,Noise
2_47_21,Noise
3_15_154,Noise
4_12_165,Noise
1_1_148,Noise
3_28_9,Noise
2_35_59,Noise
4_40_80,Noise
2_2_182,Noise
2_15_179,Noise
3_8_166,Noise
2_28_35,Noise
4_11_87,Noise
3_6_85,Noise
1_32_16,Noise
4_16_13,Noise
3_50_163,Noise
4_43_118,Noise
4_25_87,Noise
3_22_187,Noise
3_43_79,Noise
3_42_164,Noise
3_35_56,Noise
4_12_13,Noise
2_13_196,Noise
1_38_156,Noise
2_11_138,Noise
2_17_134,Noise
1_49_195,Noise
4_10_54,Noise
3_45_6,Noise
3_18_188,Noise
4_46_30,Noise
4_17_175,Noise
1_11_9,Noise
3_13_158,Noise
4_30_77,Noise
2_27_6,Noise
4_25_61,Noise
2_29_71,Noise
3_11_170,Noise
3_18_27,Noise
1_44_167,Noise
4_23_179,Noise
1_14_18,Noise
3_17_73,Noise
1_28_113,Noise
1_2_62,Noise
1_19_149,Noise
1_28_28,Noise
4_50_35,Noise
4_34_136,Noise
2_40_132,Noise
2_44_163,Noise
2_2_82,Noise
3_6_45,Noise
4_40_183,Noise
2_48_10,Noise
4_13_32,Noise
1_17_156,Noise
4_21_169,Noise
2_30_157,Noise
2_33_162,Noise
1_8_6,Noise
1_28_151,Noise
2_37_175,Noise
4_40_120,Noise
3_13_99,Noise
2_45_66,Noise
3_44_181,Noise
2_32_171,Noise
3_46_33,Noise
3_44_140,Noise
3_7_35,Noise
2_20_45,Noise
2_31_70,Noise
3_7_120,Noise
1_12_0,Noise
1_43_54,Noise
4_38_146,Noise
2_31_176,Noise
4_31_9,Noise
3_46_182,Noise
3_47_62,Noise
2_12_118,Noise
1_42_131,Noise
1_9_130,Noise
1_21_102,Noise
2_35_121,Noise
1_22_170,Noise
2_47_45,Noise
1_49_63,Noise
1_13_176,Noise
4_31_145,Noise
2_43_160,Noise
1_33_6,Noise
4_7_196,Noise
2_40_56,Noise
2_28_135,Noise
1_18_195,Noise
1_34_97,Noise
1_17_100,Noise
2_19_123,Noise
3_8_138,Noise
1_21_167,Noise
1_41_196,Noise
4_23_113,Noise
2_3_127,Noise
2_18_36,Noise
1_36_67,Noise
3_22_23,Noise
2_27_40,Noise
1_36_174,Noise
3_44_87,Noise
2_25_178,Noise
2_29_147,Noise
4_3_78,Noise
1_41_92,Noise
1_10_164,Noise
2_36_118,Noise
2_44_96,Noise
2_31_28,Noise
3_2_103,Noise
1_7_38,Noise
1_39_160,Noise
2_5_169,Noise
1_38_112,Noise
2_34_191,Noise
1_45_132,Noise
2_4_17,Noise
2_43_83,Noise
3_37_102,Noise
2_47_198,Noise
3_5_164,Noise
4_26_194,Noise
3_34_88,Noise
3_22_88,Noise
3_50_75,Noise
1_2_53,Noise
1_39_122,Noise
4_30_83,Noise
2_46_184,Noise
2_22_72,Noise
2_18_157,Noise
3_48_129,Noise
2_6_9,Noise
4_4_46,Noise
2_38_89,Noise
4_41_86,Noise
1_13_140,Noise
3_2_112,Noise
2_48_165,Noise
4_39_115,Noise
1_23_173,Noise
2_46_72,Noise
1_36_62,Noise
3_44_136,Noise
1_25_62,Noise
2_14_106,Noise
2_22_138,Noise
1_30_24,Noise
4_44_4,Noise
